nom,subdivision,surface_km2,annee,source_url
Comunidad de Bardenas Reales de Navarra,,418.45,2026,https://bardenasreales.es/situacion-geografica/
Comunidad del Valle de Aezkoa,,,1990,https://www.boe.es/buscar/act.php?id=BOE-A-1990-19817
Mancomunidad del Valle de Roncal,,,1990,https://www.boe.es/buscar/act.php?id=BOE-A-1990-19817
Universidad del Valle de Salazar,,,1990,https://www.boe.es/buscar/act.php?id=BOE-A-1990-19817
Unión de Aralar,,,1990,https://www.boe.es/buscar/act.php?id=BOE-A-1990-19817
Amillano,Allín / Allin,1.49,2026,"https://idena.navarra.es/ogc/wfs?service=WFS&version=2.0.0&request=GetFeature&typeNames=IDENA:DIADMI_Pol_Concejo&propertyName=MUNICIPIO,CONCEJO,HABIT2025,GEOM_AREA&outputFormat=application/json"
Aramendía,Allín / Allin,3.67,2026,"https://idena.navarra.es/ogc/wfs?service=WFS&version=2.0.0&request=GetFeature&typeNames=IDENA:DIADMI_Pol_Concejo&propertyName=MUNICIPIO,CONCEJO,HABIT2025,GEOM_AREA&outputFormat=application/json"
Arbeiza,Allín / Allin,4.19,2026,"https://idena.navarra.es/ogc/wfs?service=WFS&version=2.0.0&request=GetFeature&typeNames=IDENA:DIADMI_Pol_Concejo&propertyName=MUNICIPIO,CONCEJO,HABIT2025,GEOM_AREA&outputFormat=application/json"
Artavia,Allín / Allin,4.07,2026,"https://idena.navarra.es/ogc/wfs?service=WFS&version=2.0.0&request=GetFeature&typeNames=IDENA:DIADMI_Pol_Concejo&propertyName=MUNICIPIO,CONCEJO,HABIT2025,GEOM_AREA&outputFormat=application/json"
Echávarri,Allín / Allin,5.68,2026,"https://idena.navarra.es/ogc/wfs?service=WFS&version=2.0.0&request=GetFeature&typeNames=IDENA:DIADMI_Pol_Concejo&propertyName=MUNICIPIO,CONCEJO,HABIT2025,GEOM_AREA&outputFormat=application/json"
Eulz,Allín / Allin,6.42,2026,"https://idena.navarra.es/ogc/wfs?service=WFS&version=2.0.0&request=GetFeature&typeNames=IDENA:DIADMI_Pol_Concejo&propertyName=MUNICIPIO,CONCEJO,HABIT2025,GEOM_AREA&outputFormat=application/json"
Galdeano,Allín / Allin,6.0,2026,"https://idena.navarra.es/ogc/wfs?service=WFS&version=2.0.0&request=GetFeature&typeNames=IDENA:DIADMI_Pol_Concejo&propertyName=MUNICIPIO,CONCEJO,HABIT2025,GEOM_AREA&outputFormat=application/json"
Larrión,Allín / Allin,2.44,2026,"https://idena.navarra.es/ogc/wfs?service=WFS&version=2.0.0&request=GetFeature&typeNames=IDENA:DIADMI_Pol_Concejo&propertyName=MUNICIPIO,CONCEJO,HABIT2025,GEOM_AREA&outputFormat=application/json"
Muneta,Allín / Allin,2.12,2026,"https://idena.navarra.es/ogc/wfs?service=WFS&version=2.0.0&request=GetFeature&typeNames=IDENA:DIADMI_Pol_Concejo&propertyName=MUNICIPIO,CONCEJO,HABIT2025,GEOM_AREA&outputFormat=application/json"
Zubielqui,Allín / Allin,4.07,2026,"https://idena.navarra.es/ogc/wfs?service=WFS&version=2.0.0&request=GetFeature&typeNames=IDENA:DIADMI_Pol_Concejo&propertyName=MUNICIPIO,CONCEJO,HABIT2025,GEOM_AREA&outputFormat=application/json"
Artaza,Améscoa Baja,2.14,2026,"https://idena.navarra.es/ogc/wfs?service=WFS&version=2.0.0&request=GetFeature&typeNames=IDENA:DIADMI_Pol_Concejo&propertyName=MUNICIPIO,CONCEJO,HABIT2025,GEOM_AREA&outputFormat=application/json"
Baquedano / Bakedao,Améscoa Baja,5.38,2026,"https://idena.navarra.es/ogc/wfs?service=WFS&version=2.0.0&request=GetFeature&typeNames=IDENA:DIADMI_Pol_Concejo&propertyName=MUNICIPIO,CONCEJO,HABIT2025,GEOM_AREA&outputFormat=application/json"
Baríndano,Améscoa Baja,2.09,2026,"https://idena.navarra.es/ogc/wfs?service=WFS&version=2.0.0&request=GetFeature&typeNames=IDENA:DIADMI_Pol_Concejo&propertyName=MUNICIPIO,CONCEJO,HABIT2025,GEOM_AREA&outputFormat=application/json"
Ecala,Améscoa Baja,3.33,2026,"https://idena.navarra.es/ogc/wfs?service=WFS&version=2.0.0&request=GetFeature&typeNames=IDENA:DIADMI_Pol_Concejo&propertyName=MUNICIPIO,CONCEJO,HABIT2025,GEOM_AREA&outputFormat=application/json"
San Martín de Améscoa,Améscoa Baja,3.49,2026,"https://idena.navarra.es/ogc/wfs?service=WFS&version=2.0.0&request=GetFeature&typeNames=IDENA:DIADMI_Pol_Concejo&propertyName=MUNICIPIO,CONCEJO,HABIT2025,GEOM_AREA&outputFormat=application/json"
Zudaire,Améscoa Baja,3.97,2026,"https://idena.navarra.es/ogc/wfs?service=WFS&version=2.0.0&request=GetFeature&typeNames=IDENA:DIADMI_Pol_Concejo&propertyName=MUNICIPIO,CONCEJO,HABIT2025,GEOM_AREA&outputFormat=application/json"
Ancín / Antzin,Ancín / Antzin,5.39,2026,"https://idena.navarra.es/ogc/wfs?service=WFS&version=2.0.0&request=GetFeature&typeNames=IDENA:DIADMI_Pol_Concejo&propertyName=MUNICIPIO,CONCEJO,HABIT2025,GEOM_AREA&outputFormat=application/json"
Mendilibarri,Ancín / Antzin,3.42,2026,"https://idena.navarra.es/ogc/wfs?service=WFS&version=2.0.0&request=GetFeature&typeNames=IDENA:DIADMI_Pol_Concejo&propertyName=MUNICIPIO,CONCEJO,HABIT2025,GEOM_AREA&outputFormat=application/json"
Aritzu,Anue,4.64,2026,"https://idena.navarra.es/ogc/wfs?service=WFS&version=2.0.0&request=GetFeature&typeNames=IDENA:DIADMI_Pol_Concejo&propertyName=MUNICIPIO,CONCEJO,HABIT2025,GEOM_AREA&outputFormat=application/json"
Burutain,Anue,4.2,2026,"https://idena.navarra.es/ogc/wfs?service=WFS&version=2.0.0&request=GetFeature&typeNames=IDENA:DIADMI_Pol_Concejo&propertyName=MUNICIPIO,CONCEJO,HABIT2025,GEOM_AREA&outputFormat=application/json"
Egozkue,Anue,6.41,2026,"https://idena.navarra.es/ogc/wfs?service=WFS&version=2.0.0&request=GetFeature&typeNames=IDENA:DIADMI_Pol_Concejo&propertyName=MUNICIPIO,CONCEJO,HABIT2025,GEOM_AREA&outputFormat=application/json"
Etsain,Anue,7.6,2026,"https://idena.navarra.es/ogc/wfs?service=WFS&version=2.0.0&request=GetFeature&typeNames=IDENA:DIADMI_Pol_Concejo&propertyName=MUNICIPIO,CONCEJO,HABIT2025,GEOM_AREA&outputFormat=application/json"
Etulain,Anue,3.01,2026,"https://idena.navarra.es/ogc/wfs?service=WFS&version=2.0.0&request=GetFeature&typeNames=IDENA:DIADMI_Pol_Concejo&propertyName=MUNICIPIO,CONCEJO,HABIT2025,GEOM_AREA&outputFormat=application/json"
Leazkue,Anue,1.94,2026,"https://idena.navarra.es/ogc/wfs?service=WFS&version=2.0.0&request=GetFeature&typeNames=IDENA:DIADMI_Pol_Concejo&propertyName=MUNICIPIO,CONCEJO,HABIT2025,GEOM_AREA&outputFormat=application/json"
Olague,Anue,8.08,2026,"https://idena.navarra.es/ogc/wfs?service=WFS&version=2.0.0&request=GetFeature&typeNames=IDENA:DIADMI_Pol_Concejo&propertyName=MUNICIPIO,CONCEJO,HABIT2025,GEOM_AREA&outputFormat=application/json"
Arribe-Atallu,Araitz,16.81,2026,"https://idena.navarra.es/ogc/wfs?service=WFS&version=2.0.0&request=GetFeature&typeNames=IDENA:DIADMI_Pol_Concejo&propertyName=MUNICIPIO,CONCEJO,HABIT2025,GEOM_AREA&outputFormat=application/json"
Azkarate,Araitz,4.98,2026,"https://idena.navarra.es/ogc/wfs?service=WFS&version=2.0.0&request=GetFeature&typeNames=IDENA:DIADMI_Pol_Concejo&propertyName=MUNICIPIO,CONCEJO,HABIT2025,GEOM_AREA&outputFormat=application/json"
Gaintza,Araitz,5.13,2026,"https://idena.navarra.es/ogc/wfs?service=WFS&version=2.0.0&request=GetFeature&typeNames=IDENA:DIADMI_Pol_Concejo&propertyName=MUNICIPIO,CONCEJO,HABIT2025,GEOM_AREA&outputFormat=application/json"
Intza,Araitz,8.97,2026,"https://idena.navarra.es/ogc/wfs?service=WFS&version=2.0.0&request=GetFeature&typeNames=IDENA:DIADMI_Pol_Concejo&propertyName=MUNICIPIO,CONCEJO,HABIT2025,GEOM_AREA&outputFormat=application/json"
Uztegi,Araitz,3.54,2026,"https://idena.navarra.es/ogc/wfs?service=WFS&version=2.0.0&request=GetFeature&typeNames=IDENA:DIADMI_Pol_Concejo&propertyName=MUNICIPIO,CONCEJO,HABIT2025,GEOM_AREA&outputFormat=application/json"
Egiarreta,Arakil,3.85,2026,"https://idena.navarra.es/ogc/wfs?service=WFS&version=2.0.0&request=GetFeature&typeNames=IDENA:DIADMI_Pol_Concejo&propertyName=MUNICIPIO,CONCEJO,HABIT2025,GEOM_AREA&outputFormat=application/json"
Ekai,Arakil,5.14,2026,"https://idena.navarra.es/ogc/wfs?service=WFS&version=2.0.0&request=GetFeature&typeNames=IDENA:DIADMI_Pol_Concejo&propertyName=MUNICIPIO,CONCEJO,HABIT2025,GEOM_AREA&outputFormat=application/json"
Errotz,Arakil,4.19,2026,"https://idena.navarra.es/ogc/wfs?service=WFS&version=2.0.0&request=GetFeature&typeNames=IDENA:DIADMI_Pol_Concejo&propertyName=MUNICIPIO,CONCEJO,HABIT2025,GEOM_AREA&outputFormat=application/json"
Etxarren,Arakil,3.14,2026,"https://idena.navarra.es/ogc/wfs?service=WFS&version=2.0.0&request=GetFeature&typeNames=IDENA:DIADMI_Pol_Concejo&propertyName=MUNICIPIO,CONCEJO,HABIT2025,GEOM_AREA&outputFormat=application/json"
Etxeberri,Arakil,3.15,2026,"https://idena.navarra.es/ogc/wfs?service=WFS&version=2.0.0&request=GetFeature&typeNames=IDENA:DIADMI_Pol_Concejo&propertyName=MUNICIPIO,CONCEJO,HABIT2025,GEOM_AREA&outputFormat=application/json"
Hiriberri Arakil,Arakil,5.1,2026,"https://idena.navarra.es/ogc/wfs?service=WFS&version=2.0.0&request=GetFeature&typeNames=IDENA:DIADMI_Pol_Concejo&propertyName=MUNICIPIO,CONCEJO,HABIT2025,GEOM_AREA&outputFormat=application/json"
Ihabar,Arakil,7.28,2026,"https://idena.navarra.es/ogc/wfs?service=WFS&version=2.0.0&request=GetFeature&typeNames=IDENA:DIADMI_Pol_Concejo&propertyName=MUNICIPIO,CONCEJO,HABIT2025,GEOM_AREA&outputFormat=application/json"
Izurdiaga,Arakil,3.79,2026,"https://idena.navarra.es/ogc/wfs?service=WFS&version=2.0.0&request=GetFeature&typeNames=IDENA:DIADMI_Pol_Concejo&propertyName=MUNICIPIO,CONCEJO,HABIT2025,GEOM_AREA&outputFormat=application/json"
Satrustegi,Arakil,6.38,2026,"https://idena.navarra.es/ogc/wfs?service=WFS&version=2.0.0&request=GetFeature&typeNames=IDENA:DIADMI_Pol_Concejo&propertyName=MUNICIPIO,CONCEJO,HABIT2025,GEOM_AREA&outputFormat=application/json"
Urritzola,Arakil,3.31,2026,"https://idena.navarra.es/ogc/wfs?service=WFS&version=2.0.0&request=GetFeature&typeNames=IDENA:DIADMI_Pol_Concejo&propertyName=MUNICIPIO,CONCEJO,HABIT2025,GEOM_AREA&outputFormat=application/json"
Zuhatzu,Arakil,3.35,2026,"https://idena.navarra.es/ogc/wfs?service=WFS&version=2.0.0&request=GetFeature&typeNames=IDENA:DIADMI_Pol_Concejo&propertyName=MUNICIPIO,CONCEJO,HABIT2025,GEOM_AREA&outputFormat=application/json"
Aranguren,Aranguren,5.53,2026,"https://idena.navarra.es/ogc/wfs?service=WFS&version=2.0.0&request=GetFeature&typeNames=IDENA:DIADMI_Pol_Concejo&propertyName=MUNICIPIO,CONCEJO,HABIT2025,GEOM_AREA&outputFormat=application/json"
Labiano,Aranguren,7.09,2026,"https://idena.navarra.es/ogc/wfs?service=WFS&version=2.0.0&request=GetFeature&typeNames=IDENA:DIADMI_Pol_Concejo&propertyName=MUNICIPIO,CONCEJO,HABIT2025,GEOM_AREA&outputFormat=application/json"
Tajonar / Taxoare,Aranguren,7.02,2026,"https://idena.navarra.es/ogc/wfs?service=WFS&version=2.0.0&request=GetFeature&typeNames=IDENA:DIADMI_Pol_Concejo&propertyName=MUNICIPIO,CONCEJO,HABIT2025,GEOM_AREA&outputFormat=application/json"
Zolina,Aranguren,7.48,2026,"https://idena.navarra.es/ogc/wfs?service=WFS&version=2.0.0&request=GetFeature&typeNames=IDENA:DIADMI_Pol_Concejo&propertyName=MUNICIPIO,CONCEJO,HABIT2025,GEOM_AREA&outputFormat=application/json"
Arrieta,Arce / Artzi,10.84,2026,"https://idena.navarra.es/ogc/wfs?service=WFS&version=2.0.0&request=GetFeature&typeNames=IDENA:DIADMI_Pol_Concejo&propertyName=MUNICIPIO,CONCEJO,HABIT2025,GEOM_AREA&outputFormat=application/json"
Azparren,Arce / Artzi,11.61,2026,"https://idena.navarra.es/ogc/wfs?service=WFS&version=2.0.0&request=GetFeature&typeNames=IDENA:DIADMI_Pol_Concejo&propertyName=MUNICIPIO,CONCEJO,HABIT2025,GEOM_AREA&outputFormat=application/json"
Lacabe / Lakabe,Arce / Artzi,5.34,2026,"https://idena.navarra.es/ogc/wfs?service=WFS&version=2.0.0&request=GetFeature&typeNames=IDENA:DIADMI_Pol_Concejo&propertyName=MUNICIPIO,CONCEJO,HABIT2025,GEOM_AREA&outputFormat=application/json"
Nagore,Arce / Artzi,8.88,2026,"https://idena.navarra.es/ogc/wfs?service=WFS&version=2.0.0&request=GetFeature&typeNames=IDENA:DIADMI_Pol_Concejo&propertyName=MUNICIPIO,CONCEJO,HABIT2025,GEOM_AREA&outputFormat=application/json"
Saragüeta / Saragueta,Arce / Artzi,4.09,2026,"https://idena.navarra.es/ogc/wfs?service=WFS&version=2.0.0&request=GetFeature&typeNames=IDENA:DIADMI_Pol_Concejo&propertyName=MUNICIPIO,CONCEJO,HABIT2025,GEOM_AREA&outputFormat=application/json"
Villanueva de Arce / Hiriberri-Artzibar,Arce / Artzi,6.59,2026,"https://idena.navarra.es/ogc/wfs?service=WFS&version=2.0.0&request=GetFeature&typeNames=IDENA:DIADMI_Pol_Concejo&propertyName=MUNICIPIO,CONCEJO,HABIT2025,GEOM_AREA&outputFormat=application/json"
Úriz / Uritz,Arce / Artzi,7.9,2026,"https://idena.navarra.es/ogc/wfs?service=WFS&version=2.0.0&request=GetFeature&typeNames=IDENA:DIADMI_Pol_Concejo&propertyName=MUNICIPIO,CONCEJO,HABIT2025,GEOM_AREA&outputFormat=application/json"
Aroztegi / Aróstegui,Atetz,2.01,2026,"https://idena.navarra.es/ogc/wfs?service=WFS&version=2.0.0&request=GetFeature&typeNames=IDENA:DIADMI_Pol_Concejo&propertyName=MUNICIPIO,CONCEJO,HABIT2025,GEOM_AREA&outputFormat=application/json"
Beratsain / Berasáin,Atetz,4.43,2026,"https://idena.navarra.es/ogc/wfs?service=WFS&version=2.0.0&request=GetFeature&typeNames=IDENA:CATAST_Pol_Concejo&propertyName=MUNICIPIO,CONCEJO,GEOM_AREA&outputFormat=application/json"
Beuntza / Beunza,Atetz,9.83,2026,"https://idena.navarra.es/ogc/wfs?service=WFS&version=2.0.0&request=GetFeature&typeNames=IDENA:CATAST_Pol_Concejo&propertyName=MUNICIPIO,CONCEJO,GEOM_AREA&outputFormat=application/json"
Ziganda / Ciganda,Atetz,1.4,2026,"https://idena.navarra.es/ogc/wfs?service=WFS&version=2.0.0&request=GetFeature&typeNames=IDENA:DIADMI_Pol_Concejo&propertyName=MUNICIPIO,CONCEJO,HABIT2025,GEOM_AREA&outputFormat=application/json"
Legasa,BERTIZARANA,10.7,2026,"https://idena.navarra.es/ogc/wfs?service=WFS&version=2.0.0&request=GetFeature&typeNames=IDENA:CATAST_Pol_Concejo&propertyName=MUNICIPIO,CONCEJO,GEOM_AREA&outputFormat=application/json"
Narbarte,BERTIZARANA,5.17,2026,"https://idena.navarra.es/ogc/wfs?service=WFS&version=2.0.0&request=GetFeature&typeNames=IDENA:CATAST_Pol_Concejo&propertyName=MUNICIPIO,CONCEJO,GEOM_AREA&outputFormat=application/json"
Oieregi,BERTIZARANA,22.88,2026,"https://idena.navarra.es/ogc/wfs?service=WFS&version=2.0.0&request=GetFeature&typeNames=IDENA:CATAST_Pol_Concejo&propertyName=MUNICIPIO,CONCEJO,GEOM_AREA&outputFormat=application/json"
Aizarotz,Basaburua,3.9,2026,"https://idena.navarra.es/ogc/wfs?service=WFS&version=2.0.0&request=GetFeature&typeNames=IDENA:DIADMI_Pol_Concejo&propertyName=MUNICIPIO,CONCEJO,HABIT2025,GEOM_AREA&outputFormat=application/json"
Arrarats,Basaburua,9.63,2026,"https://idena.navarra.es/ogc/wfs?service=WFS&version=2.0.0&request=GetFeature&typeNames=IDENA:DIADMI_Pol_Concejo&propertyName=MUNICIPIO,CONCEJO,HABIT2025,GEOM_AREA&outputFormat=application/json"
Beruete,Basaburua,25.79,2026,"https://idena.navarra.es/ogc/wfs?service=WFS&version=2.0.0&request=GetFeature&typeNames=IDENA:DIADMI_Pol_Concejo&propertyName=MUNICIPIO,CONCEJO,HABIT2025,GEOM_AREA&outputFormat=application/json"
Gartzaron,Basaburua,5.03,2026,"https://idena.navarra.es/ogc/wfs?service=WFS&version=2.0.0&request=GetFeature&typeNames=IDENA:DIADMI_Pol_Concejo&propertyName=MUNICIPIO,CONCEJO,HABIT2025,GEOM_AREA&outputFormat=application/json"
Igoa,Basaburua,9.18,2026,"https://idena.navarra.es/ogc/wfs?service=WFS&version=2.0.0&request=GetFeature&typeNames=IDENA:DIADMI_Pol_Concejo&propertyName=MUNICIPIO,CONCEJO,HABIT2025,GEOM_AREA&outputFormat=application/json"
Ihaben,Basaburua,3.53,2026,"https://idena.navarra.es/ogc/wfs?service=WFS&version=2.0.0&request=GetFeature&typeNames=IDENA:DIADMI_Pol_Concejo&propertyName=MUNICIPIO,CONCEJO,HABIT2025,GEOM_AREA&outputFormat=application/json"
Itsaso,Basaburua,5.6,2026,"https://idena.navarra.es/ogc/wfs?service=WFS&version=2.0.0&request=GetFeature&typeNames=IDENA:DIADMI_Pol_Concejo&propertyName=MUNICIPIO,CONCEJO,HABIT2025,GEOM_AREA&outputFormat=application/json"
Jauntsarats,Basaburua,1.42,2026,"https://idena.navarra.es/ogc/wfs?service=WFS&version=2.0.0&request=GetFeature&typeNames=IDENA:DIADMI_Pol_Concejo&propertyName=MUNICIPIO,CONCEJO,HABIT2025,GEOM_AREA&outputFormat=application/json"
Orokieta-Erbiti,Basaburua,13.93,2026,"https://idena.navarra.es/ogc/wfs?service=WFS&version=2.0.0&request=GetFeature&typeNames=IDENA:DIADMI_Pol_Concejo&propertyName=MUNICIPIO,CONCEJO,HABIT2025,GEOM_AREA&outputFormat=application/json"
Udabe-Beramendi,Basaburua,4.3,2026,"https://idena.navarra.es/ogc/wfs?service=WFS&version=2.0.0&request=GetFeature&typeNames=IDENA:DIADMI_Pol_Concejo&propertyName=MUNICIPIO,CONCEJO,HABIT2025,GEOM_AREA&outputFormat=application/json"
Aizoáin / Aitzoain,Berrioplano / Berriobeiti,2.02,2026,"https://idena.navarra.es/ogc/wfs?service=WFS&version=2.0.0&request=GetFeature&typeNames=IDENA:DIADMI_Pol_Concejo&propertyName=MUNICIPIO,CONCEJO,HABIT2025,GEOM_AREA&outputFormat=application/json"
Artica / Artika,Berrioplano / Berriobeiti,1.74,2026,"https://idena.navarra.es/ogc/wfs?service=WFS&version=2.0.0&request=GetFeature&typeNames=IDENA:DIADMI_Pol_Concejo&propertyName=MUNICIPIO,CONCEJO,HABIT2025,GEOM_AREA&outputFormat=application/json"
Añezkar,Berrioplano / Berriobeiti,1.91,2026,"https://idena.navarra.es/ogc/wfs?service=WFS&version=2.0.0&request=GetFeature&typeNames=IDENA:DIADMI_Pol_Concejo&propertyName=MUNICIPIO,CONCEJO,HABIT2025,GEOM_AREA&outputFormat=application/json"
Ballariain,Berrioplano / Berriobeiti,1.48,2026,"https://idena.navarra.es/ogc/wfs?service=WFS&version=2.0.0&request=GetFeature&typeNames=IDENA:DIADMI_Pol_Concejo&propertyName=MUNICIPIO,CONCEJO,HABIT2025,GEOM_AREA&outputFormat=application/json"
Berrioplano / Berriobeiti,Berrioplano / Berriobeiti,3.63,2026,"https://idena.navarra.es/ogc/wfs?service=WFS&version=2.0.0&request=GetFeature&typeNames=IDENA:DIADMI_Pol_Concejo&propertyName=MUNICIPIO,CONCEJO,HABIT2025,GEOM_AREA&outputFormat=application/json"
Berriosuso / Berriogoiti,Berrioplano / Berriobeiti,2.36,2026,"https://idena.navarra.es/ogc/wfs?service=WFS&version=2.0.0&request=GetFeature&typeNames=IDENA:DIADMI_Pol_Concejo&propertyName=MUNICIPIO,CONCEJO,HABIT2025,GEOM_AREA&outputFormat=application/json"
Elcarte,Berrioplano / Berriobeiti,3.34,2026,"https://idena.navarra.es/ogc/wfs?service=WFS&version=2.0.0&request=GetFeature&typeNames=IDENA:DIADMI_Pol_Concejo&propertyName=MUNICIPIO,CONCEJO,HABIT2025,GEOM_AREA&outputFormat=application/json"
Larragueta / Larrageta,Berrioplano / Berriobeiti,2.19,2026,"https://idena.navarra.es/ogc/wfs?service=WFS&version=2.0.0&request=GetFeature&typeNames=IDENA:DIADMI_Pol_Concejo&propertyName=MUNICIPIO,CONCEJO,HABIT2025,GEOM_AREA&outputFormat=application/json"
Loza / Lotza,Berrioplano / Berriobeiti,2.57,2026,"https://idena.navarra.es/ogc/wfs?service=WFS&version=2.0.0&request=GetFeature&typeNames=IDENA:DIADMI_Pol_Concejo&propertyName=MUNICIPIO,CONCEJO,HABIT2025,GEOM_AREA&outputFormat=application/json"
Oteiza / Oteitza,Berrioplano / Berriobeiti,2.85,2026,"https://idena.navarra.es/ogc/wfs?service=WFS&version=2.0.0&request=GetFeature&typeNames=IDENA:DIADMI_Pol_Concejo&propertyName=MUNICIPIO,CONCEJO,HABIT2025,GEOM_AREA&outputFormat=application/json"
Biurrun,Biurrun-Olcoz,8.98,2026,"https://idena.navarra.es/ogc/wfs?service=WFS&version=2.0.0&request=GetFeature&typeNames=IDENA:CATAST_Pol_Concejo&propertyName=MUNICIPIO,CONCEJO,GEOM_AREA&outputFormat=application/json"
Olcoz,Biurrun-Olcoz,6.5,2026,"https://idena.navarra.es/ogc/wfs?service=WFS&version=2.0.0&request=GetFeature&typeNames=IDENA:DIADMI_Pol_Concejo&propertyName=MUNICIPIO,CONCEJO,HABIT2025,GEOM_AREA&outputFormat=application/json"
Figarol,Carcastillo,14.15,2026,"https://idena.navarra.es/ogc/wfs?service=WFS&version=2.0.0&request=GetFeature&typeNames=IDENA:DIADMI_Pol_Concejo&propertyName=MUNICIPIO,CONCEJO,HABIT2025,GEOM_AREA&outputFormat=application/json"
Arazuri,Cendea de Olza / Oltza Zendea,7.72,2026,"https://idena.navarra.es/ogc/wfs?service=WFS&version=2.0.0&request=GetFeature&typeNames=IDENA:DIADMI_Pol_Concejo&propertyName=MUNICIPIO,CONCEJO,HABIT2025,GEOM_AREA&outputFormat=application/json"
Artázcoz,Cendea de Olza / Oltza Zendea,3.89,2026,"https://idena.navarra.es/ogc/wfs?service=WFS&version=2.0.0&request=GetFeature&typeNames=IDENA:DIADMI_Pol_Concejo&propertyName=MUNICIPIO,CONCEJO,HABIT2025,GEOM_AREA&outputFormat=application/json"
Asiáin,Cendea de Olza / Oltza Zendea,3.33,2026,"https://idena.navarra.es/ogc/wfs?service=WFS&version=2.0.0&request=GetFeature&typeNames=IDENA:DIADMI_Pol_Concejo&propertyName=MUNICIPIO,CONCEJO,HABIT2025,GEOM_AREA&outputFormat=application/json"
Ibero,Cendea de Olza / Oltza Zendea,5.54,2026,"https://idena.navarra.es/ogc/wfs?service=WFS&version=2.0.0&request=GetFeature&typeNames=IDENA:DIADMI_Pol_Concejo&propertyName=MUNICIPIO,CONCEJO,HABIT2025,GEOM_AREA&outputFormat=application/json"
Izcue,Cendea de Olza / Oltza Zendea,2.98,2026,"https://idena.navarra.es/ogc/wfs?service=WFS&version=2.0.0&request=GetFeature&typeNames=IDENA:DIADMI_Pol_Concejo&propertyName=MUNICIPIO,CONCEJO,HABIT2025,GEOM_AREA&outputFormat=application/json"
Izu,Cendea de Olza / Oltza Zendea,5.74,2026,"https://idena.navarra.es/ogc/wfs?service=WFS&version=2.0.0&request=GetFeature&typeNames=IDENA:DIADMI_Pol_Concejo&propertyName=MUNICIPIO,CONCEJO,HABIT2025,GEOM_AREA&outputFormat=application/json"
Lizasoáin,Cendea de Olza / Oltza Zendea,2.82,2026,"https://idena.navarra.es/ogc/wfs?service=WFS&version=2.0.0&request=GetFeature&typeNames=IDENA:DIADMI_Pol_Concejo&propertyName=MUNICIPIO,CONCEJO,HABIT2025,GEOM_AREA&outputFormat=application/json"
Olza,Cendea de Olza / Oltza Zendea,3.96,2026,"https://idena.navarra.es/ogc/wfs?service=WFS&version=2.0.0&request=GetFeature&typeNames=IDENA:DIADMI_Pol_Concejo&propertyName=MUNICIPIO,CONCEJO,HABIT2025,GEOM_AREA&outputFormat=application/json"
Ororbia,Cendea de Olza / Oltza Zendea,4.68,2026,"https://idena.navarra.es/ogc/wfs?service=WFS&version=2.0.0&request=GetFeature&typeNames=IDENA:DIADMI_Pol_Concejo&propertyName=MUNICIPIO,CONCEJO,HABIT2025,GEOM_AREA&outputFormat=application/json"
Astráin,Cizur,6.54,2026,"https://idena.navarra.es/ogc/wfs?service=WFS&version=2.0.0&request=GetFeature&typeNames=IDENA:DIADMI_Pol_Concejo&propertyName=MUNICIPIO,CONCEJO,HABIT2025,GEOM_AREA&outputFormat=application/json"
Cizur Menor,Cizur,3.79,2026,"https://idena.navarra.es/ogc/wfs?service=WFS&version=2.0.0&request=GetFeature&typeNames=IDENA:DIADMI_Pol_Concejo&propertyName=MUNICIPIO,CONCEJO,HABIT2025,GEOM_AREA&outputFormat=application/json"
Gazólaz,Cizur,4.84,2026,"https://idena.navarra.es/ogc/wfs?service=WFS&version=2.0.0&request=GetFeature&typeNames=IDENA:DIADMI_Pol_Concejo&propertyName=MUNICIPIO,CONCEJO,HABIT2025,GEOM_AREA&outputFormat=application/json"
Larraya,Cizur,2.37,2026,"https://idena.navarra.es/ogc/wfs?service=WFS&version=2.0.0&request=GetFeature&typeNames=IDENA:DIADMI_Pol_Concejo&propertyName=MUNICIPIO,CONCEJO,HABIT2025,GEOM_AREA&outputFormat=application/json"
Muru-Astráin,Cizur,2.66,2026,"https://idena.navarra.es/ogc/wfs?service=WFS&version=2.0.0&request=GetFeature&typeNames=IDENA:DIADMI_Pol_Concejo&propertyName=MUNICIPIO,CONCEJO,HABIT2025,GEOM_AREA&outputFormat=application/json"
Paternáin,Cizur,1.96,2026,"https://idena.navarra.es/ogc/wfs?service=WFS&version=2.0.0&request=GetFeature&typeNames=IDENA:DIADMI_Pol_Concejo&propertyName=MUNICIPIO,CONCEJO,HABIT2025,GEOM_AREA&outputFormat=application/json"
Undiano / Undio,Cizur,8.57,2026,"https://idena.navarra.es/ogc/wfs?service=WFS&version=2.0.0&request=GetFeature&typeNames=IDENA:DIADMI_Pol_Concejo&propertyName=MUNICIPIO,CONCEJO,HABIT2025,GEOM_AREA&outputFormat=application/json"
Zariquiegui,Cizur,3.88,2026,"https://idena.navarra.es/ogc/wfs?service=WFS&version=2.0.0&request=GetFeature&typeNames=IDENA:DIADMI_Pol_Concejo&propertyName=MUNICIPIO,CONCEJO,HABIT2025,GEOM_AREA&outputFormat=application/json"
Dorrao / Torrano,Ergoiena,11.17,2026,"https://idena.navarra.es/ogc/wfs?service=WFS&version=2.0.0&request=GetFeature&typeNames=IDENA:DIADMI_Pol_Concejo&propertyName=MUNICIPIO,CONCEJO,HABIT2025,GEOM_AREA&outputFormat=application/json"
Lizarraga,Ergoiena,17.22,2026,"https://idena.navarra.es/ogc/wfs?service=WFS&version=2.0.0&request=GetFeature&typeNames=IDENA:DIADMI_Pol_Concejo&propertyName=MUNICIPIO,CONCEJO,HABIT2025,GEOM_AREA&outputFormat=application/json"
Unanu,Ergoiena,13.41,2026,"https://idena.navarra.es/ogc/wfs?service=WFS&version=2.0.0&request=GetFeature&typeNames=IDENA:DIADMI_Pol_Concejo&propertyName=MUNICIPIO,CONCEJO,HABIT2025,GEOM_AREA&outputFormat=application/json"
Aintzioa,Erro,7.98,2026,"https://idena.navarra.es/ogc/wfs?service=WFS&version=2.0.0&request=GetFeature&typeNames=IDENA:DIADMI_Pol_Concejo&propertyName=MUNICIPIO,CONCEJO,HABIT2025,GEOM_AREA&outputFormat=application/json"
Aurizberri / Espinal,Erro,18.37,2026,"https://idena.navarra.es/ogc/wfs?service=WFS&version=2.0.0&request=GetFeature&typeNames=IDENA:DIADMI_Pol_Concejo&propertyName=MUNICIPIO,CONCEJO,HABIT2025,GEOM_AREA&outputFormat=application/json"
Bizkarreta-Gerendiain,Erro,17.75,2026,"https://idena.navarra.es/ogc/wfs?service=WFS&version=2.0.0&request=GetFeature&typeNames=IDENA:CATAST_Pol_Concejo&propertyName=MUNICIPIO,CONCEJO,GEOM_AREA&outputFormat=application/json"
Erro,Erro,6.1,2026,"https://idena.navarra.es/ogc/wfs?service=WFS&version=2.0.0&request=GetFeature&typeNames=IDENA:DIADMI_Pol_Concejo&propertyName=MUNICIPIO,CONCEJO,HABIT2025,GEOM_AREA&outputFormat=application/json"
Esnotz,Erro,5.99,2026,"https://idena.navarra.es/ogc/wfs?service=WFS&version=2.0.0&request=GetFeature&typeNames=IDENA:DIADMI_Pol_Concejo&propertyName=MUNICIPIO,CONCEJO,HABIT2025,GEOM_AREA&outputFormat=application/json"
Lintzoain,Erro,6.56,2026,"https://idena.navarra.es/ogc/wfs?service=WFS&version=2.0.0&request=GetFeature&typeNames=IDENA:DIADMI_Pol_Concejo&propertyName=MUNICIPIO,CONCEJO,HABIT2025,GEOM_AREA&outputFormat=application/json"
Mezkiritz,Erro,7.94,2026,"https://idena.navarra.es/ogc/wfs?service=WFS&version=2.0.0&request=GetFeature&typeNames=IDENA:CATAST_Pol_Concejo&propertyName=MUNICIPIO,CONCEJO,GEOM_AREA&outputFormat=application/json"
Orondritz,Erro,4.66,2026,"https://idena.navarra.es/ogc/wfs?service=WFS&version=2.0.0&request=GetFeature&typeNames=IDENA:DIADMI_Pol_Concejo&propertyName=MUNICIPIO,CONCEJO,HABIT2025,GEOM_AREA&outputFormat=application/json"
Zilbeti,Erro,15.13,2026,"https://idena.navarra.es/ogc/wfs?service=WFS&version=2.0.0&request=GetFeature&typeNames=IDENA:DIADMI_Pol_Concejo&propertyName=MUNICIPIO,CONCEJO,HABIT2025,GEOM_AREA&outputFormat=application/json"
Antxoritz,Esteribar,2.81,2026,"https://idena.navarra.es/ogc/wfs?service=WFS&version=2.0.0&request=GetFeature&typeNames=IDENA:DIADMI_Pol_Concejo&propertyName=MUNICIPIO,CONCEJO,HABIT2025,GEOM_AREA&outputFormat=application/json"
Eugi,Esteribar,49.24,2026,"https://idena.navarra.es/ogc/wfs?service=WFS&version=2.0.0&request=GetFeature&typeNames=IDENA:DIADMI_Pol_Concejo&propertyName=MUNICIPIO,CONCEJO,HABIT2025,GEOM_AREA&outputFormat=application/json"
Inbuluzketa,Esteribar,3.71,2026,"https://idena.navarra.es/ogc/wfs?service=WFS&version=2.0.0&request=GetFeature&typeNames=IDENA:DIADMI_Pol_Concejo&propertyName=MUNICIPIO,CONCEJO,HABIT2025,GEOM_AREA&outputFormat=application/json"
Iragi,Esteribar,8.5,2026,"https://idena.navarra.es/ogc/wfs?service=WFS&version=2.0.0&request=GetFeature&typeNames=IDENA:DIADMI_Pol_Concejo&propertyName=MUNICIPIO,CONCEJO,HABIT2025,GEOM_AREA&outputFormat=application/json"
Larrasoaña,Esteribar,1.16,2026,"https://idena.navarra.es/ogc/wfs?service=WFS&version=2.0.0&request=GetFeature&typeNames=IDENA:DIADMI_Pol_Concejo&propertyName=MUNICIPIO,CONCEJO,HABIT2025,GEOM_AREA&outputFormat=application/json"
Saigots,Esteribar,4.02,2026,"https://idena.navarra.es/ogc/wfs?service=WFS&version=2.0.0&request=GetFeature&typeNames=IDENA:DIADMI_Pol_Concejo&propertyName=MUNICIPIO,CONCEJO,HABIT2025,GEOM_AREA&outputFormat=application/json"
Sarasibar,Esteribar,3.13,2026,"https://idena.navarra.es/ogc/wfs?service=WFS&version=2.0.0&request=GetFeature&typeNames=IDENA:DIADMI_Pol_Concejo&propertyName=MUNICIPIO,CONCEJO,HABIT2025,GEOM_AREA&outputFormat=application/json"
Urdaitz / Urdániz,Esteribar,3.15,2026,"https://idena.navarra.es/ogc/wfs?service=WFS&version=2.0.0&request=GetFeature&typeNames=IDENA:DIADMI_Pol_Concejo&propertyName=MUNICIPIO,CONCEJO,HABIT2025,GEOM_AREA&outputFormat=application/json"
Zabaldika,Esteribar,3.27,2026,"https://idena.navarra.es/ogc/wfs?service=WFS&version=2.0.0&request=GetFeature&typeNames=IDENA:DIADMI_Pol_Concejo&propertyName=MUNICIPIO,CONCEJO,HABIT2025,GEOM_AREA&outputFormat=application/json"
Zubiri,Esteribar,4.88,2026,"https://idena.navarra.es/ogc/wfs?service=WFS&version=2.0.0&request=GetFeature&typeNames=IDENA:DIADMI_Pol_Concejo&propertyName=MUNICIPIO,CONCEJO,HABIT2025,GEOM_AREA&outputFormat=application/json"
Lizarragabengoa,Etxarri Aranatz,1.23,2026,"https://idena.navarra.es/ogc/wfs?service=WFS&version=2.0.0&request=GetFeature&typeNames=IDENA:DIADMI_Pol_Concejo&propertyName=MUNICIPIO,CONCEJO,HABIT2025,GEOM_AREA&outputFormat=application/json"
Arre,Ezcabarte,2.31,2026,"https://idena.navarra.es/ogc/wfs?service=WFS&version=2.0.0&request=GetFeature&typeNames=IDENA:CATAST_Pol_Concejo&propertyName=MUNICIPIO,CONCEJO,GEOM_AREA&outputFormat=application/json"
Azoz / Azotz,Ezcabarte,1.49,2026,"https://idena.navarra.es/ogc/wfs?service=WFS&version=2.0.0&request=GetFeature&typeNames=IDENA:DIADMI_Pol_Concejo&propertyName=MUNICIPIO,CONCEJO,HABIT2025,GEOM_AREA&outputFormat=application/json"
Cildoz / Zildotz,Ezcabarte,2.72,2026,"https://idena.navarra.es/ogc/wfs?service=WFS&version=2.0.0&request=GetFeature&typeNames=IDENA:DIADMI_Pol_Concejo&propertyName=MUNICIPIO,CONCEJO,HABIT2025,GEOM_AREA&outputFormat=application/json"
Eusa,Ezcabarte,2.81,2026,"https://idena.navarra.es/ogc/wfs?service=WFS&version=2.0.0&request=GetFeature&typeNames=IDENA:DIADMI_Pol_Concejo&propertyName=MUNICIPIO,CONCEJO,HABIT2025,GEOM_AREA&outputFormat=application/json"
Makirriain,Ezcabarte,1.97,2026,"https://idena.navarra.es/ogc/wfs?service=WFS&version=2.0.0&request=GetFeature&typeNames=IDENA:DIADMI_Pol_Concejo&propertyName=MUNICIPIO,CONCEJO,HABIT2025,GEOM_AREA&outputFormat=application/json"
Oricáin,Ezcabarte,1.54,2026,"https://idena.navarra.es/ogc/wfs?service=WFS&version=2.0.0&request=GetFeature&typeNames=IDENA:DIADMI_Pol_Concejo&propertyName=MUNICIPIO,CONCEJO,HABIT2025,GEOM_AREA&outputFormat=application/json"
Orrio,Ezcabarte,3.37,2026,"https://idena.navarra.es/ogc/wfs?service=WFS&version=2.0.0&request=GetFeature&typeNames=IDENA:DIADMI_Pol_Concejo&propertyName=MUNICIPIO,CONCEJO,HABIT2025,GEOM_AREA&outputFormat=application/json"
Sorauren,Ezcabarte,6.27,2026,"https://idena.navarra.es/ogc/wfs?service=WFS&version=2.0.0&request=GetFeature&typeNames=IDENA:DIADMI_Pol_Concejo&propertyName=MUNICIPIO,CONCEJO,HABIT2025,GEOM_AREA&outputFormat=application/json"
Ayesa,Ezprogui,6.59,2026,"https://idena.navarra.es/ogc/wfs?service=WFS&version=2.0.0&request=GetFeature&typeNames=IDENA:DIADMI_Pol_Concejo&propertyName=MUNICIPIO,CONCEJO,HABIT2025,GEOM_AREA&outputFormat=application/json"
Arlegui,Galar,3.32,2026,"https://idena.navarra.es/ogc/wfs?service=WFS&version=2.0.0&request=GetFeature&typeNames=IDENA:DIADMI_Pol_Concejo&propertyName=MUNICIPIO,CONCEJO,HABIT2025,GEOM_AREA&outputFormat=application/json"
Cordovilla,Galar,2.22,2026,"https://idena.navarra.es/ogc/wfs?service=WFS&version=2.0.0&request=GetFeature&typeNames=IDENA:DIADMI_Pol_Concejo&propertyName=MUNICIPIO,CONCEJO,HABIT2025,GEOM_AREA&outputFormat=application/json"
Esparza,Galar,8.89,2026,"https://idena.navarra.es/ogc/wfs?service=WFS&version=2.0.0&request=GetFeature&typeNames=IDENA:DIADMI_Pol_Concejo&propertyName=MUNICIPIO,CONCEJO,HABIT2025,GEOM_AREA&outputFormat=application/json"
Esquíroz,Galar,4.52,2026,"https://idena.navarra.es/ogc/wfs?service=WFS&version=2.0.0&request=GetFeature&typeNames=IDENA:DIADMI_Pol_Concejo&propertyName=MUNICIPIO,CONCEJO,HABIT2025,GEOM_AREA&outputFormat=application/json"
Galar,Galar,5.06,2026,"https://idena.navarra.es/ogc/wfs?service=WFS&version=2.0.0&request=GetFeature&typeNames=IDENA:DIADMI_Pol_Concejo&propertyName=MUNICIPIO,CONCEJO,HABIT2025,GEOM_AREA&outputFormat=application/json"
Olaz-Subiza,Galar,3.71,2026,"https://idena.navarra.es/ogc/wfs?service=WFS&version=2.0.0&request=GetFeature&typeNames=IDENA:DIADMI_Pol_Concejo&propertyName=MUNICIPIO,CONCEJO,HABIT2025,GEOM_AREA&outputFormat=application/json"
Salinas de Pamplona,Galar,4.38,2026,"https://idena.navarra.es/ogc/wfs?service=WFS&version=2.0.0&request=GetFeature&typeNames=IDENA:DIADMI_Pol_Concejo&propertyName=MUNICIPIO,CONCEJO,HABIT2025,GEOM_AREA&outputFormat=application/json"
Subiza,Galar,7.02,2026,"https://idena.navarra.es/ogc/wfs?service=WFS&version=2.0.0&request=GetFeature&typeNames=IDENA:DIADMI_Pol_Concejo&propertyName=MUNICIPIO,CONCEJO,HABIT2025,GEOM_AREA&outputFormat=application/json"
Iciz / Izize,Gallués / Galoze,7.72,2026,"https://idena.navarra.es/ogc/wfs?service=WFS&version=2.0.0&request=GetFeature&typeNames=IDENA:DIADMI_Pol_Concejo&propertyName=MUNICIPIO,CONCEJO,HABIT2025,GEOM_AREA&outputFormat=application/json"
Izal / Itzalle,Gallués / Galoze,17.45,2026,"https://idena.navarra.es/ogc/wfs?service=WFS&version=2.0.0&request=GetFeature&typeNames=IDENA:DIADMI_Pol_Concejo&propertyName=MUNICIPIO,CONCEJO,HABIT2025,GEOM_AREA&outputFormat=application/json"
Uscarrés / Uskartze,Gallués / Galoze,13.38,2026,"https://idena.navarra.es/ogc/wfs?service=WFS&version=2.0.0&request=GetFeature&typeNames=IDENA:DIADMI_Pol_Concejo&propertyName=MUNICIPIO,CONCEJO,HABIT2025,GEOM_AREA&outputFormat=application/json"
Arguiñano,Guesálaz / Gesalatz,6.9,2026,"https://idena.navarra.es/ogc/wfs?service=WFS&version=2.0.0&request=GetFeature&typeNames=IDENA:DIADMI_Pol_Concejo&propertyName=MUNICIPIO,CONCEJO,HABIT2025,GEOM_AREA&outputFormat=application/json"
Esténoz,Guesálaz / Gesalatz,2.53,2026,"https://idena.navarra.es/ogc/wfs?service=WFS&version=2.0.0&request=GetFeature&typeNames=IDENA:DIADMI_Pol_Concejo&propertyName=MUNICIPIO,CONCEJO,HABIT2025,GEOM_AREA&outputFormat=application/json"
Garísoain,Guesálaz / Gesalatz,8.21,2026,"https://idena.navarra.es/ogc/wfs?service=WFS&version=2.0.0&request=GetFeature&typeNames=IDENA:DIADMI_Pol_Concejo&propertyName=MUNICIPIO,CONCEJO,HABIT2025,GEOM_AREA&outputFormat=application/json"
Guembe,Guesálaz / Gesalatz,4.53,2026,"https://idena.navarra.es/ogc/wfs?service=WFS&version=2.0.0&request=GetFeature&typeNames=IDENA:DIADMI_Pol_Concejo&propertyName=MUNICIPIO,CONCEJO,HABIT2025,GEOM_AREA&outputFormat=application/json"
Irurre,Guesálaz / Gesalatz,5.46,2026,"https://idena.navarra.es/ogc/wfs?service=WFS&version=2.0.0&request=GetFeature&typeNames=IDENA:DIADMI_Pol_Concejo&propertyName=MUNICIPIO,CONCEJO,HABIT2025,GEOM_AREA&outputFormat=application/json"
Iturgoyen,Guesálaz / Gesalatz,16.78,2026,"https://idena.navarra.es/ogc/wfs?service=WFS&version=2.0.0&request=GetFeature&typeNames=IDENA:DIADMI_Pol_Concejo&propertyName=MUNICIPIO,CONCEJO,HABIT2025,GEOM_AREA&outputFormat=application/json"
Izurzu,Guesálaz / Gesalatz,3.31,2026,"https://idena.navarra.es/ogc/wfs?service=WFS&version=2.0.0&request=GetFeature&typeNames=IDENA:DIADMI_Pol_Concejo&propertyName=MUNICIPIO,CONCEJO,HABIT2025,GEOM_AREA&outputFormat=application/json"
Lerate,Guesálaz / Gesalatz,2.53,2026,"https://idena.navarra.es/ogc/wfs?service=WFS&version=2.0.0&request=GetFeature&typeNames=IDENA:DIADMI_Pol_Concejo&propertyName=MUNICIPIO,CONCEJO,HABIT2025,GEOM_AREA&outputFormat=application/json"
Muez,Guesálaz / Gesalatz,3.15,2026,"https://idena.navarra.es/ogc/wfs?service=WFS&version=2.0.0&request=GetFeature&typeNames=IDENA:DIADMI_Pol_Concejo&propertyName=MUNICIPIO,CONCEJO,HABIT2025,GEOM_AREA&outputFormat=application/json"
Muniáin de Guesálaz,Guesálaz / Gesalatz,4.41,2026,"https://idena.navarra.es/ogc/wfs?service=WFS&version=2.0.0&request=GetFeature&typeNames=IDENA:DIADMI_Pol_Concejo&propertyName=MUNICIPIO,CONCEJO,HABIT2025,GEOM_AREA&outputFormat=application/json"
Vidaurre,Guesálaz / Gesalatz,6.18,2026,"https://idena.navarra.es/ogc/wfs?service=WFS&version=2.0.0&request=GetFeature&typeNames=IDENA:DIADMI_Pol_Concejo&propertyName=MUNICIPIO,CONCEJO,HABIT2025,GEOM_AREA&outputFormat=application/json"
Echarren de Guirguillano,Guirguillano,5.5,2026,"https://idena.navarra.es/ogc/wfs?service=WFS&version=2.0.0&request=GetFeature&typeNames=IDENA:DIADMI_Pol_Concejo&propertyName=MUNICIPIO,CONCEJO,HABIT2025,GEOM_AREA&outputFormat=application/json"
Guirguillano,Guirguillano,3.3,2026,"https://idena.navarra.es/ogc/wfs?service=WFS&version=2.0.0&request=GetFeature&typeNames=IDENA:DIADMI_Pol_Concejo&propertyName=MUNICIPIO,CONCEJO,HABIT2025,GEOM_AREA&outputFormat=application/json"
Güesa / Gorza,Güesa / Gorza,10.01,2026,"https://idena.navarra.es/ogc/wfs?service=WFS&version=2.0.0&request=GetFeature&typeNames=IDENA:DIADMI_Pol_Concejo&propertyName=MUNICIPIO,CONCEJO,HABIT2025,GEOM_AREA&outputFormat=application/json"
Igal / Igari,Güesa / Gorza,13.36,2026,"https://idena.navarra.es/ogc/wfs?service=WFS&version=2.0.0&request=GetFeature&typeNames=IDENA:DIADMI_Pol_Concejo&propertyName=MUNICIPIO,CONCEJO,HABIT2025,GEOM_AREA&outputFormat=application/json"
Abínzano,Ibargoiti,3.46,2026,"https://idena.navarra.es/ogc/wfs?service=WFS&version=2.0.0&request=GetFeature&typeNames=IDENA:DIADMI_Pol_Concejo&propertyName=MUNICIPIO,CONCEJO,HABIT2025,GEOM_AREA&outputFormat=application/json"
Idocin,Ibargoiti,6.69,2026,"https://idena.navarra.es/ogc/wfs?service=WFS&version=2.0.0&request=GetFeature&typeNames=IDENA:DIADMI_Pol_Concejo&propertyName=MUNICIPIO,CONCEJO,HABIT2025,GEOM_AREA&outputFormat=application/json"
Izco,Ibargoiti,6.32,2026,"https://idena.navarra.es/ogc/wfs?service=WFS&version=2.0.0&request=GetFeature&typeNames=IDENA:DIADMI_Pol_Concejo&propertyName=MUNICIPIO,CONCEJO,HABIT2025,GEOM_AREA&outputFormat=application/json"
Salinas de Ibargoiti / Getze Ibargoiti,Ibargoiti,12.3,2026,"https://idena.navarra.es/ogc/wfs?service=WFS&version=2.0.0&request=GetFeature&typeNames=IDENA:DIADMI_Pol_Concejo&propertyName=MUNICIPIO,CONCEJO,HABIT2025,GEOM_AREA&outputFormat=application/json"
Igúzquiza,Igúzquiza,7.71,2026,"https://idena.navarra.es/ogc/wfs?service=WFS&version=2.0.0&request=GetFeature&typeNames=IDENA:DIADMI_Pol_Concejo&propertyName=MUNICIPIO,CONCEJO,HABIT2025,GEOM_AREA&outputFormat=application/json"
Labeaga,Igúzquiza,3.71,2026,"https://idena.navarra.es/ogc/wfs?service=WFS&version=2.0.0&request=GetFeature&typeNames=IDENA:DIADMI_Pol_Concejo&propertyName=MUNICIPIO,CONCEJO,HABIT2025,GEOM_AREA&outputFormat=application/json"
Urbiola,Igúzquiza,2.9,2026,"https://idena.navarra.es/ogc/wfs?service=WFS&version=2.0.0&request=GetFeature&typeNames=IDENA:DIADMI_Pol_Concejo&propertyName=MUNICIPIO,CONCEJO,HABIT2025,GEOM_AREA&outputFormat=application/json"
Ázqueta,Igúzquiza,3.71,2026,"https://idena.navarra.es/ogc/wfs?service=WFS&version=2.0.0&request=GetFeature&typeNames=IDENA:DIADMI_Pol_Concejo&propertyName=MUNICIPIO,CONCEJO,HABIT2025,GEOM_AREA&outputFormat=application/json"
Eraso,Imotz,3.5,2026,"https://idena.navarra.es/ogc/wfs?service=WFS&version=2.0.0&request=GetFeature&typeNames=IDENA:DIADMI_Pol_Concejo&propertyName=MUNICIPIO,CONCEJO,HABIT2025,GEOM_AREA&outputFormat=application/json"
Etxaleku,Imotz,7.62,2026,"https://idena.navarra.es/ogc/wfs?service=WFS&version=2.0.0&request=GetFeature&typeNames=IDENA:DIADMI_Pol_Concejo&propertyName=MUNICIPIO,CONCEJO,HABIT2025,GEOM_AREA&outputFormat=application/json"
Goldaratz,Imotz,5.88,2026,"https://idena.navarra.es/ogc/wfs?service=WFS&version=2.0.0&request=GetFeature&typeNames=IDENA:DIADMI_Pol_Concejo&propertyName=MUNICIPIO,CONCEJO,HABIT2025,GEOM_AREA&outputFormat=application/json"
Latasa,Imotz,4.09,2026,"https://idena.navarra.es/ogc/wfs?service=WFS&version=2.0.0&request=GetFeature&typeNames=IDENA:DIADMI_Pol_Concejo&propertyName=MUNICIPIO,CONCEJO,HABIT2025,GEOM_AREA&outputFormat=application/json"
Muskitz,Imotz,5.28,2026,"https://idena.navarra.es/ogc/wfs?service=WFS&version=2.0.0&request=GetFeature&typeNames=IDENA:DIADMI_Pol_Concejo&propertyName=MUNICIPIO,CONCEJO,HABIT2025,GEOM_AREA&outputFormat=application/json"
Oskotz,Imotz,9.55,2026,"https://idena.navarra.es/ogc/wfs?service=WFS&version=2.0.0&request=GetFeature&typeNames=IDENA:DIADMI_Pol_Concejo&propertyName=MUNICIPIO,CONCEJO,HABIT2025,GEOM_AREA&outputFormat=application/json"
Urritza,Imotz,2.88,2026,"https://idena.navarra.es/ogc/wfs?service=WFS&version=2.0.0&request=GetFeature&typeNames=IDENA:DIADMI_Pol_Concejo&propertyName=MUNICIPIO,CONCEJO,HABIT2025,GEOM_AREA&outputFormat=application/json"
Zarrantz,Imotz,3.58,2026,"https://idena.navarra.es/ogc/wfs?service=WFS&version=2.0.0&request=GetFeature&typeNames=IDENA:DIADMI_Pol_Concejo&propertyName=MUNICIPIO,CONCEJO,HABIT2025,GEOM_AREA&outputFormat=application/json"
Aguinaga de Iza,Iza / Itza,3.84,2026,"https://idena.navarra.es/ogc/wfs?service=WFS&version=2.0.0&request=GetFeature&typeNames=IDENA:DIADMI_Pol_Concejo&propertyName=MUNICIPIO,CONCEJO,HABIT2025,GEOM_AREA&outputFormat=application/json"
Aldaba,Iza / Itza,3.26,2026,"https://idena.navarra.es/ogc/wfs?service=WFS&version=2.0.0&request=GetFeature&typeNames=IDENA:DIADMI_Pol_Concejo&propertyName=MUNICIPIO,CONCEJO,HABIT2025,GEOM_AREA&outputFormat=application/json"
Atondo,Iza / Itza,3.49,2026,"https://idena.navarra.es/ogc/wfs?service=WFS&version=2.0.0&request=GetFeature&typeNames=IDENA:DIADMI_Pol_Concejo&propertyName=MUNICIPIO,CONCEJO,HABIT2025,GEOM_AREA&outputFormat=application/json"
Erice,Iza / Itza,2.66,2026,"https://idena.navarra.es/ogc/wfs?service=WFS&version=2.0.0&request=GetFeature&typeNames=IDENA:DIADMI_Pol_Concejo&propertyName=MUNICIPIO,CONCEJO,HABIT2025,GEOM_AREA&outputFormat=application/json"
Gulina,Iza / Itza,3.06,2026,"https://idena.navarra.es/ogc/wfs?service=WFS&version=2.0.0&request=GetFeature&typeNames=IDENA:DIADMI_Pol_Concejo&propertyName=MUNICIPIO,CONCEJO,HABIT2025,GEOM_AREA&outputFormat=application/json"
Iza,Iza / Itza,2.49,2026,"https://idena.navarra.es/ogc/wfs?service=WFS&version=2.0.0&request=GetFeature&typeNames=IDENA:DIADMI_Pol_Concejo&propertyName=MUNICIPIO,CONCEJO,HABIT2025,GEOM_AREA&outputFormat=application/json"
Larunbe,Iza / Itza,6.66,2026,"https://idena.navarra.es/ogc/wfs?service=WFS&version=2.0.0&request=GetFeature&typeNames=IDENA:DIADMI_Pol_Concejo&propertyName=MUNICIPIO,CONCEJO,HABIT2025,GEOM_AREA&outputFormat=application/json"
Lete,Iza / Itza,2.63,2026,"https://idena.navarra.es/ogc/wfs?service=WFS&version=2.0.0&request=GetFeature&typeNames=IDENA:DIADMI_Pol_Concejo&propertyName=MUNICIPIO,CONCEJO,HABIT2025,GEOM_AREA&outputFormat=application/json"
Ochovi,Iza / Itza,5.37,2026,"https://idena.navarra.es/ogc/wfs?service=WFS&version=2.0.0&request=GetFeature&typeNames=IDENA:DIADMI_Pol_Concejo&propertyName=MUNICIPIO,CONCEJO,HABIT2025,GEOM_AREA&outputFormat=application/json"
Sarasa,Iza / Itza,5.5,2026,"https://idena.navarra.es/ogc/wfs?service=WFS&version=2.0.0&request=GetFeature&typeNames=IDENA:DIADMI_Pol_Concejo&propertyName=MUNICIPIO,CONCEJO,HABIT2025,GEOM_AREA&outputFormat=application/json"
Sarasate,Iza / Itza,2.37,2026,"https://idena.navarra.es/ogc/wfs?service=WFS&version=2.0.0&request=GetFeature&typeNames=IDENA:DIADMI_Pol_Concejo&propertyName=MUNICIPIO,CONCEJO,HABIT2025,GEOM_AREA&outputFormat=application/json"
Zia,Iza / Itza,4.4,2026,"https://idena.navarra.es/ogc/wfs?service=WFS&version=2.0.0&request=GetFeature&typeNames=IDENA:DIADMI_Pol_Concejo&propertyName=MUNICIPIO,CONCEJO,HABIT2025,GEOM_AREA&outputFormat=application/json"
Áriz,Iza / Itza,1.52,2026,"https://idena.navarra.es/ogc/wfs?service=WFS&version=2.0.0&request=GetFeature&typeNames=IDENA:DIADMI_Pol_Concejo&propertyName=MUNICIPIO,CONCEJO,HABIT2025,GEOM_AREA&outputFormat=application/json"
Ardanaz de Izagaondoa,Izagaondoa,8.47,2026,"https://idena.navarra.es/ogc/wfs?service=WFS&version=2.0.0&request=GetFeature&typeNames=IDENA:DIADMI_Pol_Concejo&propertyName=MUNICIPIO,CONCEJO,HABIT2025,GEOM_AREA&outputFormat=application/json"
Beorburu,Juslapeña / Txulapain,3.12,2026,"https://idena.navarra.es/ogc/wfs?service=WFS&version=2.0.0&request=GetFeature&typeNames=IDENA:DIADMI_Pol_Concejo&propertyName=MUNICIPIO,CONCEJO,HABIT2025,GEOM_AREA&outputFormat=application/json"
Garciriáin / Gartziriain,Juslapeña / Txulapain,1.51,2026,"https://idena.navarra.es/ogc/wfs?service=WFS&version=2.0.0&request=GetFeature&typeNames=IDENA:DIADMI_Pol_Concejo&propertyName=MUNICIPIO,CONCEJO,HABIT2025,GEOM_AREA&outputFormat=application/json"
Larráyoz,Juslapeña / Txulapain,2.91,2026,"https://idena.navarra.es/ogc/wfs?service=WFS&version=2.0.0&request=GetFeature&typeNames=IDENA:DIADMI_Pol_Concejo&propertyName=MUNICIPIO,CONCEJO,HABIT2025,GEOM_AREA&outputFormat=application/json"
Marcaláin,Juslapeña / Txulapain,2.64,2026,"https://idena.navarra.es/ogc/wfs?service=WFS&version=2.0.0&request=GetFeature&typeNames=IDENA:DIADMI_Pol_Concejo&propertyName=MUNICIPIO,CONCEJO,HABIT2025,GEOM_AREA&outputFormat=application/json"
Navaz,Juslapeña / Txulapain,3.74,2026,"https://idena.navarra.es/ogc/wfs?service=WFS&version=2.0.0&request=GetFeature&typeNames=IDENA:DIADMI_Pol_Concejo&propertyName=MUNICIPIO,CONCEJO,HABIT2025,GEOM_AREA&outputFormat=application/json"
Nuin,Juslapeña / Txulapain,2.3,2026,"https://idena.navarra.es/ogc/wfs?service=WFS&version=2.0.0&request=GetFeature&typeNames=IDENA:DIADMI_Pol_Concejo&propertyName=MUNICIPIO,CONCEJO,HABIT2025,GEOM_AREA&outputFormat=application/json"
Ollacarizqueta / Ollakarizketa,Juslapeña / Txulapain,1.12,2026,"https://idena.navarra.es/ogc/wfs?service=WFS&version=2.0.0&request=GetFeature&typeNames=IDENA:DIADMI_Pol_Concejo&propertyName=MUNICIPIO,CONCEJO,HABIT2025,GEOM_AREA&outputFormat=application/json"
Osinaga,Juslapeña / Txulapain,1.65,2026,"https://idena.navarra.es/ogc/wfs?service=WFS&version=2.0.0&request=GetFeature&typeNames=IDENA:DIADMI_Pol_Concejo&propertyName=MUNICIPIO,CONCEJO,HABIT2025,GEOM_AREA&outputFormat=application/json"
Osácar,Juslapeña / Txulapain,1.86,2026,"https://idena.navarra.es/ogc/wfs?service=WFS&version=2.0.0&request=GetFeature&typeNames=IDENA:DIADMI_Pol_Concejo&propertyName=MUNICIPIO,CONCEJO,HABIT2025,GEOM_AREA&outputFormat=application/json"
Unzu,Juslapeña / Txulapain,1.82,2026,"https://idena.navarra.es/ogc/wfs?service=WFS&version=2.0.0&request=GetFeature&typeNames=IDENA:DIADMI_Pol_Concejo&propertyName=MUNICIPIO,CONCEJO,HABIT2025,GEOM_AREA&outputFormat=application/json"
Galbarra,Lana,6.81,2026,"https://idena.navarra.es/ogc/wfs?service=WFS&version=2.0.0&request=GetFeature&typeNames=IDENA:DIADMI_Pol_Concejo&propertyName=MUNICIPIO,CONCEJO,HABIT2025,GEOM_AREA&outputFormat=application/json"
Gastiáin,Lana,11.48,2026,"https://idena.navarra.es/ogc/wfs?service=WFS&version=2.0.0&request=GetFeature&typeNames=IDENA:DIADMI_Pol_Concejo&propertyName=MUNICIPIO,CONCEJO,HABIT2025,GEOM_AREA&outputFormat=application/json"
Narcué,Lana,5.04,2026,"https://idena.navarra.es/ogc/wfs?service=WFS&version=2.0.0&request=GetFeature&typeNames=IDENA:DIADMI_Pol_Concejo&propertyName=MUNICIPIO,CONCEJO,HABIT2025,GEOM_AREA&outputFormat=application/json"
Ulibarri,Lana,8.0,2026,"https://idena.navarra.es/ogc/wfs?service=WFS&version=2.0.0&request=GetFeature&typeNames=IDENA:DIADMI_Pol_Concejo&propertyName=MUNICIPIO,CONCEJO,HABIT2025,GEOM_AREA&outputFormat=application/json"
Viloria,Lana,16.19,2026,"https://idena.navarra.es/ogc/wfs?service=WFS&version=2.0.0&request=GetFeature&typeNames=IDENA:DIADMI_Pol_Concejo&propertyName=MUNICIPIO,CONCEJO,HABIT2025,GEOM_AREA&outputFormat=application/json"
Lapoblación,Lapoblación,12.58,2026,"https://idena.navarra.es/ogc/wfs?service=WFS&version=2.0.0&request=GetFeature&typeNames=IDENA:DIADMI_Pol_Concejo&propertyName=MUNICIPIO,CONCEJO,HABIT2025,GEOM_AREA&outputFormat=application/json"
Meano,Lapoblación,5.38,2026,"https://idena.navarra.es/ogc/wfs?service=WFS&version=2.0.0&request=GetFeature&typeNames=IDENA:DIADMI_Pol_Concejo&propertyName=MUNICIPIO,CONCEJO,HABIT2025,GEOM_AREA&outputFormat=application/json"
Albiasu,Larraun,3.0,2026,"https://idena.navarra.es/ogc/wfs?service=WFS&version=2.0.0&request=GetFeature&typeNames=IDENA:DIADMI_Pol_Concejo&propertyName=MUNICIPIO,CONCEJO,HABIT2025,GEOM_AREA&outputFormat=application/json"
Aldatz,Larraun,8.4,2026,"https://idena.navarra.es/ogc/wfs?service=WFS&version=2.0.0&request=GetFeature&typeNames=IDENA:DIADMI_Pol_Concejo&propertyName=MUNICIPIO,CONCEJO,HABIT2025,GEOM_AREA&outputFormat=application/json"
Alli,Larraun,3.46,2026,"https://idena.navarra.es/ogc/wfs?service=WFS&version=2.0.0&request=GetFeature&typeNames=IDENA:DIADMI_Pol_Concejo&propertyName=MUNICIPIO,CONCEJO,HABIT2025,GEOM_AREA&outputFormat=application/json"
Arruitz,Larraun,6.19,2026,"https://idena.navarra.es/ogc/wfs?service=WFS&version=2.0.0&request=GetFeature&typeNames=IDENA:DIADMI_Pol_Concejo&propertyName=MUNICIPIO,CONCEJO,HABIT2025,GEOM_AREA&outputFormat=application/json"
Astitz,Larraun,5.98,2026,"https://idena.navarra.es/ogc/wfs?service=WFS&version=2.0.0&request=GetFeature&typeNames=IDENA:DIADMI_Pol_Concejo&propertyName=MUNICIPIO,CONCEJO,HABIT2025,GEOM_AREA&outputFormat=application/json"
Baraibar,Larraun,15.55,2026,"https://idena.navarra.es/ogc/wfs?service=WFS&version=2.0.0&request=GetFeature&typeNames=IDENA:DIADMI_Pol_Concejo&propertyName=MUNICIPIO,CONCEJO,HABIT2025,GEOM_AREA&outputFormat=application/json"
Errazkin,Larraun,6.21,2026,"https://idena.navarra.es/ogc/wfs?service=WFS&version=2.0.0&request=GetFeature&typeNames=IDENA:CATAST_Pol_Concejo&propertyName=MUNICIPIO,CONCEJO,GEOM_AREA&outputFormat=application/json"
Etxarri,Larraun,7.8,2026,"https://idena.navarra.es/ogc/wfs?service=WFS&version=2.0.0&request=GetFeature&typeNames=IDENA:DIADMI_Pol_Concejo&propertyName=MUNICIPIO,CONCEJO,HABIT2025,GEOM_AREA&outputFormat=application/json"
Gorriti,Larraun,7.1,2026,"https://idena.navarra.es/ogc/wfs?service=WFS&version=2.0.0&request=GetFeature&typeNames=IDENA:DIADMI_Pol_Concejo&propertyName=MUNICIPIO,CONCEJO,HABIT2025,GEOM_AREA&outputFormat=application/json"
Iribas,Larraun,7.17,2026,"https://idena.navarra.es/ogc/wfs?service=WFS&version=2.0.0&request=GetFeature&typeNames=IDENA:DIADMI_Pol_Concejo&propertyName=MUNICIPIO,CONCEJO,HABIT2025,GEOM_AREA&outputFormat=application/json"
Madotz,Larraun,4.7,2026,"https://idena.navarra.es/ogc/wfs?service=WFS&version=2.0.0&request=GetFeature&typeNames=IDENA:DIADMI_Pol_Concejo&propertyName=MUNICIPIO,CONCEJO,HABIT2025,GEOM_AREA&outputFormat=application/json"
Mugiro,Larraun,3.04,2026,"https://idena.navarra.es/ogc/wfs?service=WFS&version=2.0.0&request=GetFeature&typeNames=IDENA:DIADMI_Pol_Concejo&propertyName=MUNICIPIO,CONCEJO,HABIT2025,GEOM_AREA&outputFormat=application/json"
Oderitz,Larraun,7.49,2026,"https://idena.navarra.es/ogc/wfs?service=WFS&version=2.0.0&request=GetFeature&typeNames=IDENA:DIADMI_Pol_Concejo&propertyName=MUNICIPIO,CONCEJO,HABIT2025,GEOM_AREA&outputFormat=application/json"
Uitzi,Larraun,14.39,2026,"https://idena.navarra.es/ogc/wfs?service=WFS&version=2.0.0&request=GetFeature&typeNames=IDENA:DIADMI_Pol_Concejo&propertyName=MUNICIPIO,CONCEJO,HABIT2025,GEOM_AREA&outputFormat=application/json"
Iratxeta,Leoz / Leotz,7.67,2026,"https://idena.navarra.es/ogc/wfs?service=WFS&version=2.0.0&request=GetFeature&typeNames=IDENA:DIADMI_Pol_Concejo&propertyName=MUNICIPIO,CONCEJO,HABIT2025,GEOM_AREA&outputFormat=application/json"
Leoz,Leoz / Leotz,9.74,2026,"https://idena.navarra.es/ogc/wfs?service=WFS&version=2.0.0&request=GetFeature&typeNames=IDENA:DIADMI_Pol_Concejo&propertyName=MUNICIPIO,CONCEJO,HABIT2025,GEOM_AREA&outputFormat=application/json"
Olleta,Leoz / Leotz,17.79,2026,"https://idena.navarra.es/ogc/wfs?service=WFS&version=2.0.0&request=GetFeature&typeNames=IDENA:DIADMI_Pol_Concejo&propertyName=MUNICIPIO,CONCEJO,HABIT2025,GEOM_AREA&outputFormat=application/json"
Aos,Lónguida / Longida,2.15,2026,"https://idena.navarra.es/ogc/wfs?service=WFS&version=2.0.0&request=GetFeature&typeNames=IDENA:DIADMI_Pol_Concejo&propertyName=MUNICIPIO,CONCEJO,HABIT2025,GEOM_AREA&outputFormat=application/json"
Artajo / Artaxo,Lónguida / Longida,5.59,2026,"https://idena.navarra.es/ogc/wfs?service=WFS&version=2.0.0&request=GetFeature&typeNames=IDENA:DIADMI_Pol_Concejo&propertyName=MUNICIPIO,CONCEJO,HABIT2025,GEOM_AREA&outputFormat=application/json"
Ekai de Lónguida / Ekai-Longida,Lónguida / Longida,1.87,2026,"https://idena.navarra.es/ogc/wfs?service=WFS&version=2.0.0&request=GetFeature&typeNames=IDENA:DIADMI_Pol_Concejo&propertyName=MUNICIPIO,CONCEJO,HABIT2025,GEOM_AREA&outputFormat=application/json"
Murillo de Lónguida / Murelu-Longida,Lónguida / Longida,2.65,2026,"https://idena.navarra.es/ogc/wfs?service=WFS&version=2.0.0&request=GetFeature&typeNames=IDENA:DIADMI_Pol_Concejo&propertyName=MUNICIPIO,CONCEJO,HABIT2025,GEOM_AREA&outputFormat=application/json"
Villaveta / Billabeta,Lónguida / Longida,2.95,2026,"https://idena.navarra.es/ogc/wfs?service=WFS&version=2.0.0&request=GetFeature&typeNames=IDENA:DIADMI_Pol_Concejo&propertyName=MUNICIPIO,CONCEJO,HABIT2025,GEOM_AREA&outputFormat=application/json"
Acedo,Mendaza,16.49,2026,"https://idena.navarra.es/ogc/wfs?service=WFS&version=2.0.0&request=GetFeature&typeNames=IDENA:DIADMI_Pol_Concejo&propertyName=MUNICIPIO,CONCEJO,HABIT2025,GEOM_AREA&outputFormat=application/json"
Asarta,Mendaza,4.69,2026,"https://idena.navarra.es/ogc/wfs?service=WFS&version=2.0.0&request=GetFeature&typeNames=IDENA:DIADMI_Pol_Concejo&propertyName=MUNICIPIO,CONCEJO,HABIT2025,GEOM_AREA&outputFormat=application/json"
Mendaza,Mendaza,7.78,2026,"https://idena.navarra.es/ogc/wfs?service=WFS&version=2.0.0&request=GetFeature&typeNames=IDENA:DIADMI_Pol_Concejo&propertyName=MUNICIPIO,CONCEJO,HABIT2025,GEOM_AREA&outputFormat=application/json"
Ubago,Mendaza,3.65,2026,"https://idena.navarra.es/ogc/wfs?service=WFS&version=2.0.0&request=GetFeature&typeNames=IDENA:DIADMI_Pol_Concejo&propertyName=MUNICIPIO,CONCEJO,HABIT2025,GEOM_AREA&outputFormat=application/json"
Arteaga,Metauten,2.15,2026,"https://idena.navarra.es/ogc/wfs?service=WFS&version=2.0.0&request=GetFeature&typeNames=IDENA:DIADMI_Pol_Concejo&propertyName=MUNICIPIO,CONCEJO,HABIT2025,GEOM_AREA&outputFormat=application/json"
Ganuza,Metauten,4.81,2026,"https://idena.navarra.es/ogc/wfs?service=WFS&version=2.0.0&request=GetFeature&typeNames=IDENA:DIADMI_Pol_Concejo&propertyName=MUNICIPIO,CONCEJO,HABIT2025,GEOM_AREA&outputFormat=application/json"
Metauten,Metauten,3.15,2026,"https://idena.navarra.es/ogc/wfs?service=WFS&version=2.0.0&request=GetFeature&typeNames=IDENA:DIADMI_Pol_Concejo&propertyName=MUNICIPIO,CONCEJO,HABIT2025,GEOM_AREA&outputFormat=application/json"
Ollobarren,Metauten,2.27,2026,"https://idena.navarra.es/ogc/wfs?service=WFS&version=2.0.0&request=GetFeature&typeNames=IDENA:DIADMI_Pol_Concejo&propertyName=MUNICIPIO,CONCEJO,HABIT2025,GEOM_AREA&outputFormat=application/json"
Ollogoyen,Metauten,2.17,2026,"https://idena.navarra.es/ogc/wfs?service=WFS&version=2.0.0&request=GetFeature&typeNames=IDENA:DIADMI_Pol_Concejo&propertyName=MUNICIPIO,CONCEJO,HABIT2025,GEOM_AREA&outputFormat=application/json"
Zufía,Metauten,7.19,2026,"https://idena.navarra.es/ogc/wfs?service=WFS&version=2.0.0&request=GetFeature&typeNames=IDENA:DIADMI_Pol_Concejo&propertyName=MUNICIPIO,CONCEJO,HABIT2025,GEOM_AREA&outputFormat=application/json"
Murillo el Cuende,Murillo el Cuende,7.17,2026,"https://idena.navarra.es/ogc/wfs?service=WFS&version=2.0.0&request=GetFeature&typeNames=IDENA:DIADMI_Pol_Concejo&propertyName=MUNICIPIO,CONCEJO,HABIT2025,GEOM_AREA&outputFormat=application/json"
Rada,Murillo el Cuende,28.5,2026,"https://idena.navarra.es/ogc/wfs?service=WFS&version=2.0.0&request=GetFeature&typeNames=IDENA:DIADMI_Pol_Concejo&propertyName=MUNICIPIO,CONCEJO,HABIT2025,GEOM_AREA&outputFormat=application/json"
Traibuenas,Murillo el Cuende,23.72,2026,"https://idena.navarra.es/ogc/wfs?service=WFS&version=2.0.0&request=GetFeature&typeNames=IDENA:DIADMI_Pol_Concejo&propertyName=MUNICIPIO,CONCEJO,HABIT2025,GEOM_AREA&outputFormat=application/json"
Aspurz,Navascués / Nabaskoze,23.08,2026,"https://idena.navarra.es/ogc/wfs?service=WFS&version=2.0.0&request=GetFeature&typeNames=IDENA:DIADMI_Pol_Concejo&propertyName=MUNICIPIO,CONCEJO,HABIT2025,GEOM_AREA&outputFormat=application/json"
Navascués,Navascués / Nabaskoze,48.36,2026,"https://idena.navarra.es/ogc/wfs?service=WFS&version=2.0.0&request=GetFeature&typeNames=IDENA:DIADMI_Pol_Concejo&propertyName=MUNICIPIO,CONCEJO,HABIT2025,GEOM_AREA&outputFormat=application/json"
Ustés,Navascués / Nabaskoze,16.27,2026,"https://idena.navarra.es/ogc/wfs?service=WFS&version=2.0.0&request=GetFeature&typeNames=IDENA:CATAST_Pol_Concejo&propertyName=MUNICIPIO,CONCEJO,GEOM_AREA&outputFormat=application/json"
Anocíbar / Anotzibar,Odieta,4.25,2026,"https://idena.navarra.es/ogc/wfs?service=WFS&version=2.0.0&request=GetFeature&typeNames=IDENA:DIADMI_Pol_Concejo&propertyName=MUNICIPIO,CONCEJO,HABIT2025,GEOM_AREA&outputFormat=application/json"
Ciáurriz / Ziaurritz,Odieta,4.39,2026,"https://idena.navarra.es/ogc/wfs?service=WFS&version=2.0.0&request=GetFeature&typeNames=IDENA:DIADMI_Pol_Concejo&propertyName=MUNICIPIO,CONCEJO,HABIT2025,GEOM_AREA&outputFormat=application/json"
Gascue / Gaskue,Odieta,4.29,2026,"https://idena.navarra.es/ogc/wfs?service=WFS&version=2.0.0&request=GetFeature&typeNames=IDENA:DIADMI_Pol_Concejo&propertyName=MUNICIPIO,CONCEJO,HABIT2025,GEOM_AREA&outputFormat=application/json"
Guelbenzu / Gelbentzu,Odieta,1.57,2026,"https://idena.navarra.es/ogc/wfs?service=WFS&version=2.0.0&request=GetFeature&typeNames=IDENA:DIADMI_Pol_Concejo&propertyName=MUNICIPIO,CONCEJO,HABIT2025,GEOM_AREA&outputFormat=application/json"
Guenduláin / Gendulain,Odieta,1.72,2026,"https://idena.navarra.es/ogc/wfs?service=WFS&version=2.0.0&request=GetFeature&typeNames=IDENA:DIADMI_Pol_Concejo&propertyName=MUNICIPIO,CONCEJO,HABIT2025,GEOM_AREA&outputFormat=application/json"
Latasa,Odieta,1.74,2026,"https://idena.navarra.es/ogc/wfs?service=WFS&version=2.0.0&request=GetFeature&typeNames=IDENA:DIADMI_Pol_Concejo&propertyName=MUNICIPIO,CONCEJO,HABIT2025,GEOM_AREA&outputFormat=application/json"
Ostiz / Ostitz,Odieta,2.38,2026,"https://idena.navarra.es/ogc/wfs?service=WFS&version=2.0.0&request=GetFeature&typeNames=IDENA:DIADMI_Pol_Concejo&propertyName=MUNICIPIO,CONCEJO,HABIT2025,GEOM_AREA&outputFormat=application/json"
Ripa / Erripa,Odieta,2.11,2026,"https://idena.navarra.es/ogc/wfs?service=WFS&version=2.0.0&request=GetFeature&typeNames=IDENA:DIADMI_Pol_Concejo&propertyName=MUNICIPIO,CONCEJO,HABIT2025,GEOM_AREA&outputFormat=application/json"
Endériz,Oláibar,2.29,2026,"https://idena.navarra.es/ogc/wfs?service=WFS&version=2.0.0&request=GetFeature&typeNames=IDENA:DIADMI_Pol_Concejo&propertyName=MUNICIPIO,CONCEJO,HABIT2025,GEOM_AREA&outputFormat=application/json"
Olaiz,Oláibar,2.89,2026,"https://idena.navarra.es/ogc/wfs?service=WFS&version=2.0.0&request=GetFeature&typeNames=IDENA:DIADMI_Pol_Concejo&propertyName=MUNICIPIO,CONCEJO,HABIT2025,GEOM_AREA&outputFormat=application/json"
Olave / Olabe,Oláibar,3.66,2026,"https://idena.navarra.es/ogc/wfs?service=WFS&version=2.0.0&request=GetFeature&typeNames=IDENA:DIADMI_Pol_Concejo&propertyName=MUNICIPIO,CONCEJO,HABIT2025,GEOM_AREA&outputFormat=application/json"
Osacáin,Oláibar,2.22,2026,"https://idena.navarra.es/ogc/wfs?service=WFS&version=2.0.0&request=GetFeature&typeNames=IDENA:DIADMI_Pol_Concejo&propertyName=MUNICIPIO,CONCEJO,HABIT2025,GEOM_AREA&outputFormat=application/json"
Echagüe,Olóriz / Oloritz,9.27,2026,"https://idena.navarra.es/ogc/wfs?service=WFS&version=2.0.0&request=GetFeature&typeNames=IDENA:DIADMI_Pol_Concejo&propertyName=MUNICIPIO,CONCEJO,HABIT2025,GEOM_AREA&outputFormat=application/json"
Mendívil,Olóriz / Oloritz,3.85,2026,"https://idena.navarra.es/ogc/wfs?service=WFS&version=2.0.0&request=GetFeature&typeNames=IDENA:DIADMI_Pol_Concejo&propertyName=MUNICIPIO,CONCEJO,HABIT2025,GEOM_AREA&outputFormat=application/json"
Olóriz,Olóriz / Oloritz,4.02,2026,"https://idena.navarra.es/ogc/wfs?service=WFS&version=2.0.0&request=GetFeature&typeNames=IDENA:DIADMI_Pol_Concejo&propertyName=MUNICIPIO,CONCEJO,HABIT2025,GEOM_AREA&outputFormat=application/json"
Solchaga,Olóriz / Oloritz,4.44,2026,"https://idena.navarra.es/ogc/wfs?service=WFS&version=2.0.0&request=GetFeature&typeNames=IDENA:CATAST_Pol_Concejo&propertyName=MUNICIPIO,CONCEJO,GEOM_AREA&outputFormat=application/json"
Arboniés / Arbontze,Romanzado / Erromantzatua,7.28,2026,"https://idena.navarra.es/ogc/wfs?service=WFS&version=2.0.0&request=GetFeature&typeNames=IDENA:DIADMI_Pol_Concejo&propertyName=MUNICIPIO,CONCEJO,HABIT2025,GEOM_AREA&outputFormat=application/json"
Bigüézal,Romanzado / Erromantzatua,36.41,2026,"https://idena.navarra.es/ogc/wfs?service=WFS&version=2.0.0&request=GetFeature&typeNames=IDENA:DIADMI_Pol_Concejo&propertyName=MUNICIPIO,CONCEJO,HABIT2025,GEOM_AREA&outputFormat=application/json"
Domeño,Romanzado / Erromantzatua,7.0,2026,"https://idena.navarra.es/ogc/wfs?service=WFS&version=2.0.0&request=GetFeature&typeNames=IDENA:DIADMI_Pol_Concejo&propertyName=MUNICIPIO,CONCEJO,HABIT2025,GEOM_AREA&outputFormat=application/json"
Gabarderal,Sangüesa / Zangoza,3.9,2026,"https://idena.navarra.es/ogc/wfs?service=WFS&version=2.0.0&request=GetFeature&typeNames=IDENA:DIADMI_Pol_Concejo&propertyName=MUNICIPIO,CONCEJO,HABIT2025,GEOM_AREA&outputFormat=application/json"
Rocaforte,Sangüesa / Zangoza,11.19,2026,"https://idena.navarra.es/ogc/wfs?service=WFS&version=2.0.0&request=GetFeature&typeNames=IDENA:DIADMI_Pol_Concejo&propertyName=MUNICIPIO,CONCEJO,HABIT2025,GEOM_AREA&outputFormat=application/json"
Ibilcieta / Ibiltzieta,Sarriés / Sartze,11.92,2026,"https://idena.navarra.es/ogc/wfs?service=WFS&version=2.0.0&request=GetFeature&typeNames=IDENA:DIADMI_Pol_Concejo&propertyName=MUNICIPIO,CONCEJO,HABIT2025,GEOM_AREA&outputFormat=application/json"
Sarriés / Sartze,Sarriés / Sartze,11.21,2026,"https://idena.navarra.es/ogc/wfs?service=WFS&version=2.0.0&request=GetFeature&typeNames=IDENA:DIADMI_Pol_Concejo&propertyName=MUNICIPIO,CONCEJO,HABIT2025,GEOM_AREA&outputFormat=application/json"
Muruarte de Reta,Tiebas-Muruarte de Reta,10.48,2026,"https://idena.navarra.es/ogc/wfs?service=WFS&version=2.0.0&request=GetFeature&typeNames=IDENA:CATAST_Pol_Concejo&propertyName=MUNICIPIO,CONCEJO,GEOM_AREA&outputFormat=application/json"
Tiebas,Tiebas-Muruarte de Reta,11.22,2026,"https://idena.navarra.es/ogc/wfs?service=WFS&version=2.0.0&request=GetFeature&typeNames=IDENA:DIADMI_Pol_Concejo&propertyName=MUNICIPIO,CONCEJO,HABIT2025,GEOM_AREA&outputFormat=application/json"
Otiñano,Torralba del Río,4.7,2026,"https://idena.navarra.es/ogc/wfs?service=WFS&version=2.0.0&request=GetFeature&typeNames=IDENA:DIADMI_Pol_Concejo&propertyName=MUNICIPIO,CONCEJO,HABIT2025,GEOM_AREA&outputFormat=application/json"
Alkotz,Ultzama,5.35,2026,"https://idena.navarra.es/ogc/wfs?service=WFS&version=2.0.0&request=GetFeature&typeNames=IDENA:DIADMI_Pol_Concejo&propertyName=MUNICIPIO,CONCEJO,HABIT2025,GEOM_AREA&outputFormat=application/json"
Arraitz-Orkin,Ultzama,10.34,2026,"https://idena.navarra.es/ogc/wfs?service=WFS&version=2.0.0&request=GetFeature&typeNames=IDENA:DIADMI_Pol_Concejo&propertyName=MUNICIPIO,CONCEJO,HABIT2025,GEOM_AREA&outputFormat=application/json"
Auza,Ultzama,3.72,2026,"https://idena.navarra.es/ogc/wfs?service=WFS&version=2.0.0&request=GetFeature&typeNames=IDENA:DIADMI_Pol_Concejo&propertyName=MUNICIPIO,CONCEJO,HABIT2025,GEOM_AREA&outputFormat=application/json"
Eltso,Ultzama,1.86,2026,"https://idena.navarra.es/ogc/wfs?service=WFS&version=2.0.0&request=GetFeature&typeNames=IDENA:DIADMI_Pol_Concejo&propertyName=MUNICIPIO,CONCEJO,HABIT2025,GEOM_AREA&outputFormat=application/json"
Eltzaburu,Ultzama,6.4,2026,"https://idena.navarra.es/ogc/wfs?service=WFS&version=2.0.0&request=GetFeature&typeNames=IDENA:DIADMI_Pol_Concejo&propertyName=MUNICIPIO,CONCEJO,HABIT2025,GEOM_AREA&outputFormat=application/json"
Gerendiain,Ultzama,0.55,2026,"https://idena.navarra.es/ogc/wfs?service=WFS&version=2.0.0&request=GetFeature&typeNames=IDENA:DIADMI_Pol_Concejo&propertyName=MUNICIPIO,CONCEJO,HABIT2025,GEOM_AREA&outputFormat=application/json"
Gorrontz-Olano,Ultzama,2.58,2026,"https://idena.navarra.es/ogc/wfs?service=WFS&version=2.0.0&request=GetFeature&typeNames=IDENA:DIADMI_Pol_Concejo&propertyName=MUNICIPIO,CONCEJO,HABIT2025,GEOM_AREA&outputFormat=application/json"
Ilarregi,Ultzama,6.69,2026,"https://idena.navarra.es/ogc/wfs?service=WFS&version=2.0.0&request=GetFeature&typeNames=IDENA:DIADMI_Pol_Concejo&propertyName=MUNICIPIO,CONCEJO,HABIT2025,GEOM_AREA&outputFormat=application/json"
Iraizotz,Ultzama,6.4,2026,"https://idena.navarra.es/ogc/wfs?service=WFS&version=2.0.0&request=GetFeature&typeNames=IDENA:DIADMI_Pol_Concejo&propertyName=MUNICIPIO,CONCEJO,HABIT2025,GEOM_AREA&outputFormat=application/json"
Larraintzar,Ultzama,5.18,2026,"https://idena.navarra.es/ogc/wfs?service=WFS&version=2.0.0&request=GetFeature&typeNames=IDENA:DIADMI_Pol_Concejo&propertyName=MUNICIPIO,CONCEJO,HABIT2025,GEOM_AREA&outputFormat=application/json"
Lizaso,Ultzama,3.23,2026,"https://idena.navarra.es/ogc/wfs?service=WFS&version=2.0.0&request=GetFeature&typeNames=IDENA:DIADMI_Pol_Concejo&propertyName=MUNICIPIO,CONCEJO,HABIT2025,GEOM_AREA&outputFormat=application/json"
Suarbe,Ultzama,3.2,2026,"https://idena.navarra.es/ogc/wfs?service=WFS&version=2.0.0&request=GetFeature&typeNames=IDENA:DIADMI_Pol_Concejo&propertyName=MUNICIPIO,CONCEJO,HABIT2025,GEOM_AREA&outputFormat=application/json"
Urritzola-Galain,Ultzama,3.77,2026,"https://idena.navarra.es/ogc/wfs?service=WFS&version=2.0.0&request=GetFeature&typeNames=IDENA:DIADMI_Pol_Concejo&propertyName=MUNICIPIO,CONCEJO,HABIT2025,GEOM_AREA&outputFormat=application/json"
Zenotz,Ultzama,1.81,2026,"https://idena.navarra.es/ogc/wfs?service=WFS&version=2.0.0&request=GetFeature&typeNames=IDENA:DIADMI_Pol_Concejo&propertyName=MUNICIPIO,CONCEJO,HABIT2025,GEOM_AREA&outputFormat=application/json"
Alzórriz,Unciti,9.07,2026,"https://idena.navarra.es/ogc/wfs?service=WFS&version=2.0.0&request=GetFeature&typeNames=IDENA:DIADMI_Pol_Concejo&propertyName=MUNICIPIO,CONCEJO,HABIT2025,GEOM_AREA&outputFormat=application/json"
Artaiz,Unciti,4.19,2026,"https://idena.navarra.es/ogc/wfs?service=WFS&version=2.0.0&request=GetFeature&typeNames=IDENA:DIADMI_Pol_Concejo&propertyName=MUNICIPIO,CONCEJO,HABIT2025,GEOM_AREA&outputFormat=application/json"
Cemboráin,Unciti,4.63,2026,"https://idena.navarra.es/ogc/wfs?service=WFS&version=2.0.0&request=GetFeature&typeNames=IDENA:DIADMI_Pol_Concejo&propertyName=MUNICIPIO,CONCEJO,HABIT2025,GEOM_AREA&outputFormat=application/json"
Unciti,Unciti,6.01,2026,"https://idena.navarra.es/ogc/wfs?service=WFS&version=2.0.0&request=GetFeature&typeNames=IDENA:DIADMI_Pol_Concejo&propertyName=MUNICIPIO,CONCEJO,HABIT2025,GEOM_AREA&outputFormat=application/json"
Zabalceta,Unciti,1.37,2026,"https://idena.navarra.es/ogc/wfs?service=WFS&version=2.0.0&request=GetFeature&typeNames=IDENA:DIADMI_Pol_Concejo&propertyName=MUNICIPIO,CONCEJO,HABIT2025,GEOM_AREA&outputFormat=application/json"
Ayechu,Urraúl Alto,13.3,2026,"https://idena.navarra.es/ogc/wfs?service=WFS&version=2.0.0&request=GetFeature&typeNames=IDENA:DIADMI_Pol_Concejo&propertyName=MUNICIPIO,CONCEJO,HABIT2025,GEOM_AREA&outputFormat=application/json"
Imirizaldu,Urraúl Alto,2.65,2026,"https://idena.navarra.es/ogc/wfs?service=WFS&version=2.0.0&request=GetFeature&typeNames=IDENA:DIADMI_Pol_Concejo&propertyName=MUNICIPIO,CONCEJO,HABIT2025,GEOM_AREA&outputFormat=application/json"
Irurozqui,Urraúl Alto,3.17,2026,"https://idena.navarra.es/ogc/wfs?service=WFS&version=2.0.0&request=GetFeature&typeNames=IDENA:DIADMI_Pol_Concejo&propertyName=MUNICIPIO,CONCEJO,HABIT2025,GEOM_AREA&outputFormat=application/json"
Ongoz,Urraúl Alto,11.46,2026,"https://idena.navarra.es/ogc/wfs?service=WFS&version=2.0.0&request=GetFeature&typeNames=IDENA:DIADMI_Pol_Concejo&propertyName=MUNICIPIO,CONCEJO,HABIT2025,GEOM_AREA&outputFormat=application/json"
Artieda,Urraúl Bajo,5.29,2026,"https://idena.navarra.es/ogc/wfs?service=WFS&version=2.0.0&request=GetFeature&typeNames=IDENA:DIADMI_Pol_Concejo&propertyName=MUNICIPIO,CONCEJO,HABIT2025,GEOM_AREA&outputFormat=application/json"
Rípodas,Urraúl Bajo,5.54,2026,"https://idena.navarra.es/ogc/wfs?service=WFS&version=2.0.0&request=GetFeature&typeNames=IDENA:DIADMI_Pol_Concejo&propertyName=MUNICIPIO,CONCEJO,HABIT2025,GEOM_AREA&outputFormat=application/json"
San Vicente,Urraúl Bajo,3.55,2026,"https://idena.navarra.es/ogc/wfs?service=WFS&version=2.0.0&request=GetFeature&typeNames=IDENA:DIADMI_Pol_Concejo&propertyName=MUNICIPIO,CONCEJO,HABIT2025,GEOM_AREA&outputFormat=application/json"
Tabar,Urraúl Bajo,7.19,2026,"https://idena.navarra.es/ogc/wfs?service=WFS&version=2.0.0&request=GetFeature&typeNames=IDENA:DIADMI_Pol_Concejo&propertyName=MUNICIPIO,CONCEJO,HABIT2025,GEOM_AREA&outputFormat=application/json"
Aizpún,Val de Goñi / Goñerri,4.19,2026,"https://idena.navarra.es/ogc/wfs?service=WFS&version=2.0.0&request=GetFeature&typeNames=IDENA:DIADMI_Pol_Concejo&propertyName=MUNICIPIO,CONCEJO,HABIT2025,GEOM_AREA&outputFormat=application/json"
Goñi,Val de Goñi / Goñerri,10.47,2026,"https://idena.navarra.es/ogc/wfs?service=WFS&version=2.0.0&request=GetFeature&typeNames=IDENA:DIADMI_Pol_Concejo&propertyName=MUNICIPIO,CONCEJO,HABIT2025,GEOM_AREA&outputFormat=application/json"
Munárriz,Val de Goñi / Goñerri,12.41,2026,"https://idena.navarra.es/ogc/wfs?service=WFS&version=2.0.0&request=GetFeature&typeNames=IDENA:DIADMI_Pol_Concejo&propertyName=MUNICIPIO,CONCEJO,HABIT2025,GEOM_AREA&outputFormat=application/json"
Urdánoz,Val de Goñi / Goñerri,7.47,2026,"https://idena.navarra.es/ogc/wfs?service=WFS&version=2.0.0&request=GetFeature&typeNames=IDENA:DIADMI_Pol_Concejo&propertyName=MUNICIPIO,CONCEJO,HABIT2025,GEOM_AREA&outputFormat=application/json"
Alzuza,Valle de Egüés / Eguesibar,3.08,2026,"https://idena.navarra.es/ogc/wfs?service=WFS&version=2.0.0&request=GetFeature&typeNames=IDENA:DIADMI_Pol_Concejo&propertyName=MUNICIPIO,CONCEJO,HABIT2025,GEOM_AREA&outputFormat=application/json"
Ardanaz de Egüés,Valle de Egüés / Eguesibar,6.16,2026,"https://idena.navarra.es/ogc/wfs?service=WFS&version=2.0.0&request=GetFeature&typeNames=IDENA:DIADMI_Pol_Concejo&propertyName=MUNICIPIO,CONCEJO,HABIT2025,GEOM_AREA&outputFormat=application/json"
Azpa,Valle de Egüés / Eguesibar,2.57,2026,"https://idena.navarra.es/ogc/wfs?service=WFS&version=2.0.0&request=GetFeature&typeNames=IDENA:DIADMI_Pol_Concejo&propertyName=MUNICIPIO,CONCEJO,HABIT2025,GEOM_AREA&outputFormat=application/json"
Badostáin,Valle de Egüés / Eguesibar,7.13,2026,"https://idena.navarra.es/ogc/wfs?service=WFS&version=2.0.0&request=GetFeature&typeNames=IDENA:DIADMI_Pol_Concejo&propertyName=MUNICIPIO,CONCEJO,HABIT2025,GEOM_AREA&outputFormat=application/json"
Egüés,Valle de Egüés / Eguesibar,3.37,2026,"https://idena.navarra.es/ogc/wfs?service=WFS&version=2.0.0&request=GetFeature&typeNames=IDENA:DIADMI_Pol_Concejo&propertyName=MUNICIPIO,CONCEJO,HABIT2025,GEOM_AREA&outputFormat=application/json"
Elcano,Valle de Egüés / Eguesibar,2.6,2026,"https://idena.navarra.es/ogc/wfs?service=WFS&version=2.0.0&request=GetFeature&typeNames=IDENA:DIADMI_Pol_Concejo&propertyName=MUNICIPIO,CONCEJO,HABIT2025,GEOM_AREA&outputFormat=application/json"
Elía,Valle de Egüés / Eguesibar,5.25,2026,"https://idena.navarra.es/ogc/wfs?service=WFS&version=2.0.0&request=GetFeature&typeNames=IDENA:DIADMI_Pol_Concejo&propertyName=MUNICIPIO,CONCEJO,HABIT2025,GEOM_AREA&outputFormat=application/json"
Ibiricu,Valle de Egüés / Eguesibar,2.97,2026,"https://idena.navarra.es/ogc/wfs?service=WFS&version=2.0.0&request=GetFeature&typeNames=IDENA:DIADMI_Pol_Concejo&propertyName=MUNICIPIO,CONCEJO,HABIT2025,GEOM_AREA&outputFormat=application/json"
Olaz,Valle de Egüés / Eguesibar,1.62,2026,"https://idena.navarra.es/ogc/wfs?service=WFS&version=2.0.0&request=GetFeature&typeNames=IDENA:DIADMI_Pol_Concejo&propertyName=MUNICIPIO,CONCEJO,HABIT2025,GEOM_AREA&outputFormat=application/json"
Sagaseta,Valle de Egüés / Eguesibar,3.12,2026,"https://idena.navarra.es/ogc/wfs?service=WFS&version=2.0.0&request=GetFeature&typeNames=IDENA:DIADMI_Pol_Concejo&propertyName=MUNICIPIO,CONCEJO,HABIT2025,GEOM_AREA&outputFormat=application/json"
Elorz / Elortz,Valle de Elorz / Elortzibar,3.58,2026,"https://idena.navarra.es/ogc/wfs?service=WFS&version=2.0.0&request=GetFeature&typeNames=IDENA:DIADMI_Pol_Concejo&propertyName=MUNICIPIO,CONCEJO,HABIT2025,GEOM_AREA&outputFormat=application/json"
Guerendiáin,Valle de Elorz / Elortzibar,4.65,2026,"https://idena.navarra.es/ogc/wfs?service=WFS&version=2.0.0&request=GetFeature&typeNames=IDENA:DIADMI_Pol_Concejo&propertyName=MUNICIPIO,CONCEJO,HABIT2025,GEOM_AREA&outputFormat=application/json"
Imárcoain,Valle de Elorz / Elortzibar,4.98,2026,"https://idena.navarra.es/ogc/wfs?service=WFS&version=2.0.0&request=GetFeature&typeNames=IDENA:DIADMI_Pol_Concejo&propertyName=MUNICIPIO,CONCEJO,HABIT2025,GEOM_AREA&outputFormat=application/json"
Torres,Valle de Elorz / Elortzibar,3.88,2026,"https://idena.navarra.es/ogc/wfs?service=WFS&version=2.0.0&request=GetFeature&typeNames=IDENA:DIADMI_Pol_Concejo&propertyName=MUNICIPIO,CONCEJO,HABIT2025,GEOM_AREA&outputFormat=application/json"
Zabalegui,Valle de Elorz / Elortzibar,2.42,2026,"https://idena.navarra.es/ogc/wfs?service=WFS&version=2.0.0&request=GetFeature&typeNames=IDENA:DIADMI_Pol_Concejo&propertyName=MUNICIPIO,CONCEJO,HABIT2025,GEOM_AREA&outputFormat=application/json"
Anotz,Valle de Ollo / Ollaran,1.65,2026,"https://idena.navarra.es/ogc/wfs?service=WFS&version=2.0.0&request=GetFeature&typeNames=IDENA:DIADMI_Pol_Concejo&propertyName=MUNICIPIO,CONCEJO,HABIT2025,GEOM_AREA&outputFormat=application/json"
Beasoain-Egillor,Valle de Ollo / Ollaran,5.54,2026,"https://idena.navarra.es/ogc/wfs?service=WFS&version=2.0.0&request=GetFeature&typeNames=IDENA:DIADMI_Pol_Concejo&propertyName=MUNICIPIO,CONCEJO,HABIT2025,GEOM_AREA&outputFormat=application/json"
Iltzarbe,Valle de Ollo / Ollaran,5.41,2026,"https://idena.navarra.es/ogc/wfs?service=WFS&version=2.0.0&request=GetFeature&typeNames=IDENA:DIADMI_Pol_Concejo&propertyName=MUNICIPIO,CONCEJO,HABIT2025,GEOM_AREA&outputFormat=application/json"
Ollo,Valle de Ollo / Ollaran,6.03,2026,"https://idena.navarra.es/ogc/wfs?service=WFS&version=2.0.0&request=GetFeature&typeNames=IDENA:DIADMI_Pol_Concejo&propertyName=MUNICIPIO,CONCEJO,HABIT2025,GEOM_AREA&outputFormat=application/json"
Saldise,Valle de Ollo / Ollaran,3.73,2026,"https://idena.navarra.es/ogc/wfs?service=WFS&version=2.0.0&request=GetFeature&typeNames=IDENA:DIADMI_Pol_Concejo&propertyName=MUNICIPIO,CONCEJO,HABIT2025,GEOM_AREA&outputFormat=application/json"
Senosiain,Valle de Ollo / Ollaran,3.2,2026,"https://idena.navarra.es/ogc/wfs?service=WFS&version=2.0.0&request=GetFeature&typeNames=IDENA:DIADMI_Pol_Concejo&propertyName=MUNICIPIO,CONCEJO,HABIT2025,GEOM_AREA&outputFormat=application/json"
Ultzurrun,Valle de Ollo / Ollaran,5.48,2026,"https://idena.navarra.es/ogc/wfs?service=WFS&version=2.0.0&request=GetFeature&typeNames=IDENA:DIADMI_Pol_Concejo&propertyName=MUNICIPIO,CONCEJO,HABIT2025,GEOM_AREA&outputFormat=application/json"
Alloz / Allotz,Valle de Yerri / Deierri,5.32,2026,"https://idena.navarra.es/ogc/wfs?service=WFS&version=2.0.0&request=GetFeature&typeNames=IDENA:DIADMI_Pol_Concejo&propertyName=MUNICIPIO,CONCEJO,HABIT2025,GEOM_AREA&outputFormat=application/json"
Arandigoyen / Arandigoien,Valle de Yerri / Deierri,3.05,2026,"https://idena.navarra.es/ogc/wfs?service=WFS&version=2.0.0&request=GetFeature&typeNames=IDENA:DIADMI_Pol_Concejo&propertyName=MUNICIPIO,CONCEJO,HABIT2025,GEOM_AREA&outputFormat=application/json"
Arizala / Aritzala,Valle de Yerri / Deierri,6.7,2026,"https://idena.navarra.es/ogc/wfs?service=WFS&version=2.0.0&request=GetFeature&typeNames=IDENA:DIADMI_Pol_Concejo&propertyName=MUNICIPIO,CONCEJO,HABIT2025,GEOM_AREA&outputFormat=application/json"
Arizaleta / Aritzaleta,Valle de Yerri / Deierri,5.19,2026,"https://idena.navarra.es/ogc/wfs?service=WFS&version=2.0.0&request=GetFeature&typeNames=IDENA:DIADMI_Pol_Concejo&propertyName=MUNICIPIO,CONCEJO,HABIT2025,GEOM_AREA&outputFormat=application/json"
Azcona / Aizkoa,Valle de Yerri / Deierri,6.94,2026,"https://idena.navarra.es/ogc/wfs?service=WFS&version=2.0.0&request=GetFeature&typeNames=IDENA:CATAST_Pol_Concejo&propertyName=MUNICIPIO,CONCEJO,GEOM_AREA&outputFormat=application/json"
Bearin,Valle de Yerri / Deierri,3.5,2026,"https://idena.navarra.es/ogc/wfs?service=WFS&version=2.0.0&request=GetFeature&typeNames=IDENA:DIADMI_Pol_Concejo&propertyName=MUNICIPIO,CONCEJO,HABIT2025,GEOM_AREA&outputFormat=application/json"
Eraul,Valle de Yerri / Deierri,7.57,2026,"https://idena.navarra.es/ogc/wfs?service=WFS&version=2.0.0&request=GetFeature&typeNames=IDENA:DIADMI_Pol_Concejo&propertyName=MUNICIPIO,CONCEJO,HABIT2025,GEOM_AREA&outputFormat=application/json"
Grocin / Gorozin,Valle de Yerri / Deierri,3.88,2026,"https://idena.navarra.es/ogc/wfs?service=WFS&version=2.0.0&request=GetFeature&typeNames=IDENA:DIADMI_Pol_Concejo&propertyName=MUNICIPIO,CONCEJO,HABIT2025,GEOM_AREA&outputFormat=application/json"
Ibiricu de Yerri / Ibiriku Deierri,Valle de Yerri / Deierri,4.6,2026,"https://idena.navarra.es/ogc/wfs?service=WFS&version=2.0.0&request=GetFeature&typeNames=IDENA:DIADMI_Pol_Concejo&propertyName=MUNICIPIO,CONCEJO,HABIT2025,GEOM_AREA&outputFormat=application/json"
Iruñela,Valle de Yerri / Deierri,2.7,2026,"https://idena.navarra.es/ogc/wfs?service=WFS&version=2.0.0&request=GetFeature&typeNames=IDENA:DIADMI_Pol_Concejo&propertyName=MUNICIPIO,CONCEJO,HABIT2025,GEOM_AREA&outputFormat=application/json"
Lorca / Lorka,Valle de Yerri / Deierri,5.38,2026,"https://idena.navarra.es/ogc/wfs?service=WFS&version=2.0.0&request=GetFeature&typeNames=IDENA:DIADMI_Pol_Concejo&propertyName=MUNICIPIO,CONCEJO,HABIT2025,GEOM_AREA&outputFormat=application/json"
Lácar / Lakar,Valle de Yerri / Deierri,3.76,2026,"https://idena.navarra.es/ogc/wfs?service=WFS&version=2.0.0&request=GetFeature&typeNames=IDENA:DIADMI_Pol_Concejo&propertyName=MUNICIPIO,CONCEJO,HABIT2025,GEOM_AREA&outputFormat=application/json"
Murillo de Yerri / Murelu Deierri,Valle de Yerri / Deierri,3.64,2026,"https://idena.navarra.es/ogc/wfs?service=WFS&version=2.0.0&request=GetFeature&typeNames=IDENA:DIADMI_Pol_Concejo&propertyName=MUNICIPIO,CONCEJO,HABIT2025,GEOM_AREA&outputFormat=application/json"
Murugarren,Valle de Yerri / Deierri,2.75,2026,"https://idena.navarra.es/ogc/wfs?service=WFS&version=2.0.0&request=GetFeature&typeNames=IDENA:DIADMI_Pol_Concejo&propertyName=MUNICIPIO,CONCEJO,HABIT2025,GEOM_AREA&outputFormat=application/json"
Riezu / Errezu,Valle de Yerri / Deierri,5.49,2026,"https://idena.navarra.es/ogc/wfs?service=WFS&version=2.0.0&request=GetFeature&typeNames=IDENA:DIADMI_Pol_Concejo&propertyName=MUNICIPIO,CONCEJO,HABIT2025,GEOM_AREA&outputFormat=application/json"
Ugar,Valle de Yerri / Deierri,5.07,2026,"https://idena.navarra.es/ogc/wfs?service=WFS&version=2.0.0&request=GetFeature&typeNames=IDENA:DIADMI_Pol_Concejo&propertyName=MUNICIPIO,CONCEJO,HABIT2025,GEOM_AREA&outputFormat=application/json"
Villanueva de Yerri / Hiriberri Deierri,Valle de Yerri / Deierri,5.47,2026,"https://idena.navarra.es/ogc/wfs?service=WFS&version=2.0.0&request=GetFeature&typeNames=IDENA:DIADMI_Pol_Concejo&propertyName=MUNICIPIO,CONCEJO,HABIT2025,GEOM_AREA&outputFormat=application/json"
Zurucuáin / Zurukuain,Valle de Yerri / Deierri,2.52,2026,"https://idena.navarra.es/ogc/wfs?service=WFS&version=2.0.0&request=GetFeature&typeNames=IDENA:DIADMI_Pol_Concejo&propertyName=MUNICIPIO,CONCEJO,HABIT2025,GEOM_AREA&outputFormat=application/json"
Zábal / Zabal,Valle de Yerri / Deierri,2.99,2026,"https://idena.navarra.es/ogc/wfs?service=WFS&version=2.0.0&request=GetFeature&typeNames=IDENA:DIADMI_Pol_Concejo&propertyName=MUNICIPIO,CONCEJO,HABIT2025,GEOM_AREA&outputFormat=application/json"
Arraiza,Zabalza / Zabaltza,5.72,2026,"https://idena.navarra.es/ogc/wfs?service=WFS&version=2.0.0&request=GetFeature&typeNames=IDENA:DIADMI_Pol_Concejo&propertyName=MUNICIPIO,CONCEJO,HABIT2025,GEOM_AREA&outputFormat=application/json"
Ubani,Zabalza / Zabaltza,3.41,2026,"https://idena.navarra.es/ogc/wfs?service=WFS&version=2.0.0&request=GetFeature&typeNames=IDENA:DIADMI_Pol_Concejo&propertyName=MUNICIPIO,CONCEJO,HABIT2025,GEOM_AREA&outputFormat=application/json"
Zabalza,Zabalza / Zabaltza,2.7,2026,"https://idena.navarra.es/ogc/wfs?service=WFS&version=2.0.0&request=GetFeature&typeNames=IDENA:DIADMI_Pol_Concejo&propertyName=MUNICIPIO,CONCEJO,HABIT2025,GEOM_AREA&outputFormat=application/json"
