nom,subdivision,surface_km2,annee,source_url
Te Miromiro,Atiu,,,https://www.cbd.int/doc/world/ck/ck-nr-05-en.pdf
Te Ana,Atiu,0.019,,https://www.cbd.int/doc/world/ck/ck-nr-05-en.pdf
Tikioki,Rarotonga,0.4,1998,https://www.cbd.int/doc/world/ck/ck-nr-05-en.pdf
Aroa,Rarotonga,0.325,2006,https://www.cbd.int/doc/world/ck/ck-nr-05-en.pdf
Pouara,Rarotonga,0.05,2006,https://www.cbd.int/doc/world/ck/ck-nr-05-en.pdf
Titikaveka,Rarotonga,0.5,1998,https://www.cbd.int/doc/world/ck/ck-nr-05-en.pdf
Aroko,Rarotonga,,1998,https://www.cbd.int/doc/world/ck/ck-nr-05-en.pdf
Tokerau,Rarotonga,0.04,2007,https://www.cbd.int/doc/world/ck/ck-nr-05-en.pdf
Maina Lagoon,Aitutaki,,2000,https://www.cbd.int/doc/world/ck/ck-nr-05-en.pdf
Ootu,Aitutaki,0.02,2000,https://www.cbd.int/doc/world/ck/ck-nr-05-en.pdf
Motu Kitiu,Aitutaki,0.4,2000,https://www.cbd.int/doc/world/ck/ck-nr-05-en.pdf
Veitatei Ra'ui,Mangaia,0.06,,https://www.cbd.int/doc/world/ck/ck-nr-05-en.pdf
Keia Ra'ui,Mangaia,0.38,,https://www.cbd.int/doc/world/ck/ck-nr-05-en.pdf
Tavaenga Ra'ui,Mangaia,0.32,,https://www.cbd.int/doc/world/ck/ck-nr-05-en.pdf
Tamarua Ra'ui,Mangaia,0.19,,https://www.cbd.int/doc/world/ck/ck-nr-05-en.pdf
Keia Puna,Mangaia,7.42,2014,https://www.cbd.int/doc/world/ck/ck-nr-05-en.pdf
Tavaenga Puna,Mangaia,11.5,2014,https://www.cbd.int/doc/world/ck/ck-nr-05-en.pdf
Mangaia Tanga'eo Sanctuary,Mangaia,48.35,2016,https://www.cbd.int/doc/world/ck/ck-nr-05-en.pdf
Unga Ra'ui,Mauke,2.67,,https://www.cbd.int/doc/world/ck/ck-nr-05-en.pdf
Auru,Mauke,0.43,,https://www.cbd.int/doc/world/ck/ck-nr-05-en.pdf
Kakemaunga,Mauke,0.13,,https://www.cbd.int/doc/world/ck/ck-nr-05-en.pdf
Patito Inaio,Mauke,0.05,,https://www.cbd.int/doc/world/ck/ck-nr-05-en.pdf
Te Roto Nui,Mitiaro,1.14,,https://www.cbd.int/doc/world/ck/ck-nr-05-en.pdf
Te Roto Iti,Mitiaro,,,https://www.cbd.int/doc/world/ck/ck-nr-05-en.pdf
Oponui te Vai,Mitiaro,0.23,,https://www.cbd.int/doc/world/ck/ck-nr-05-en.pdf
Motu Kotawa,Pukapuka,0.09,,https://www.cbd.int/doc/world/ck/ck-nr-05-en.pdf
Motu Ko,Pukapuka,0.3,,https://www.cbd.int/doc/world/ck/ck-nr-05-en.pdf
Te Taha ki Raro,Rakahanga,3.24,,https://www.cbd.int/doc/world/ck/ck-nr-05-en.pdf
Paerangi,Rakahanga,0.44,,https://www.cbd.int/doc/world/ck/ck-nr-05-en.pdf
Te Kainga,Rakahanga,0.06,,https://www.cbd.int/doc/world/ck/ck-nr-05-en.pdf
"Motu Porea & Tepuka, Paeroa",Manihiki,,,https://www.cbd.int/doc/world/ck/ck-nr-05-en.pdf
