nom,etat,district,surface_km2,annee_notification,village_ou_communaute,source_url
Arung,Arunachal Pradesh,,7.5,2012,,https://web.archive.org/web/20250908141706/https://wiienvis.nic.in/Database/cri_8228.aspx
Banfera Longnakshi,Arunachal Pradesh,,4.75,2011,,https://web.archive.org/web/20250908141706/https://wiienvis.nic.in/Database/cri_8228.aspx
Chahang,Arunachal Pradesh,,8.8,2015,,https://web.archive.org/web/20250908141706/https://wiienvis.nic.in/Database/cri_8228.aspx
Martak Riang,Arunachal Pradesh,,18,2016,,https://web.archive.org/web/20250908141706/https://wiienvis.nic.in/Database/cri_8228.aspx
Lal Aane,Arunachal Pradesh,,37.75,2012,,https://web.archive.org/web/20250908141706/https://wiienvis.nic.in/Database/cri_8228.aspx
Piji Chello Padung,Arunachal Pradesh,,28,2017,,https://web.archive.org/web/20250908141706/https://wiienvis.nic.in/Database/cri_8228.aspx
Rate,Arunachal Pradesh,,5.77,2019,,https://web.archive.org/web/20250908141706/https://wiienvis.nic.in/Database/cri_8228.aspx
Singchang Begun Village,Arunachal Pradesh,,17,2017,,https://web.archive.org/web/20250908141706/https://wiienvis.nic.in/Database/cri_8228.aspx
Wanu,Arunachal Pradesh,,4.025,2011,,https://web.archive.org/web/20250908141706/https://wiienvis.nic.in/Database/cri_8228.aspx
Gogabil,Bihar,,0.57,2019,,https://web.archive.org/web/20250908141706/https://wiienvis.nic.in/Database/cri_8228.aspx
Abubshehar,Haryana,,115.3,2018,,https://web.archive.org/web/20250908141706/https://wiienvis.nic.in/Database/cri_8228.aspx
Golden Jubilee Braham Sarovar,Haryana,,0.361,2017,,https://web.archive.org/web/20250908141706/https://wiienvis.nic.in/Database/cri_8228.aspx
Shri Guru Jambheswar,Haryana,Fatehabad,0.05,2019,Dhani Majra,https://web.archive.org/web/20250908141706/https://wiienvis.nic.in/Database/cri_8228.aspx
Shaheed Amrita Devi Memorial,Haryana,Fatehabad,0.0981,2019,Dhangar,https://web.archive.org/web/20250908141706/https://wiienvis.nic.in/Database/cri_8228.aspx
Guru Gorakhnath,Haryana,Fatehabad,0.032,2019,Kajalheri,https://web.archive.org/web/20250908141706/https://wiienvis.nic.in/Database/cri_8228.aspx
Kokkare Bellur,Karnataka,,3.12,2007,,https://web.archive.org/web/20250908141706/https://wiienvis.nic.in/Database/cri_8228.aspx
Kadalundi Vallikkunnu,Kerala,Kozhikode ; Malappuram,1.5,2007,panchayats de Kadalundi et de Vallikkunnu,https://web.archive.org/web/20250908141706/https://wiienvis.nic.in/Database/cri_8228.aspx
Pfunemai,Manipur,,2.1,2016,,https://web.archive.org/web/20250908141706/https://wiienvis.nic.in/Database/cri_8228.aspx
Azuram,Manipur,,5.85,2017,,https://web.archive.org/web/20250908141706/https://wiienvis.nic.in/Database/cri_8228.aspx
Chiibvii and Veimairii,Manipur,,3.39,2017,,https://web.archive.org/web/20250908141706/https://wiienvis.nic.in/Database/cri_8228.aspx
Sofii Khro,Manipur,,2.04,2017,,https://web.archive.org/web/20250908141706/https://wiienvis.nic.in/Database/cri_8228.aspx
Baneevehdea,Manipur,,2.1,2017,,https://web.archive.org/web/20250908141706/https://wiienvis.nic.in/Database/cri_8228.aspx
Houphai,Manipur,,3.23,2018,,https://web.archive.org/web/20250908141706/https://wiienvis.nic.in/Database/cri_8228.aspx
Chipeivao,Manipur,,5.85,2018,,https://web.archive.org/web/20250908141706/https://wiienvis.nic.in/Database/cri_8228.aspx
Lungphu,Manipur,,3.7,2018,,https://web.archive.org/web/20250908141706/https://wiienvis.nic.in/Database/cri_8228.aspx
Mekrimai Ru and Makramai Bu,Manipur,,72.456,2018,,https://web.archive.org/web/20250908141706/https://wiienvis.nic.in/Database/cri_8228.aspx
Shangneme,Manipur,,3,2018,,https://web.archive.org/web/20250908141706/https://wiienvis.nic.in/Database/cri_8228.aspx
M. Tanglian,Manipur,,1.02,2020,,https://web.archive.org/web/20250908141706/https://wiienvis.nic.in/Database/cri_8228.aspx
Lailong S.,Manipur,,17,2020,,https://web.archive.org/web/20250908141706/https://wiienvis.nic.in/Database/cri_8228.aspx
S. Mollen,Manipur,,3.7,2020,,https://web.archive.org/web/20250908141706/https://wiienvis.nic.in/Database/cri_8228.aspx
Chiuluan,Manipur,,8.88,2020,,https://web.archive.org/web/20250908141706/https://wiienvis.nic.in/Database/cri_8228.aspx
Razai,Manipur,,5.67,2022,,https://web.archive.org/web/20250908141706/https://wiienvis.nic.in/Database/cri_8228.aspx
Khloo Blai Sein Raij Tuber,Meghalaya,,0.8943,2013,,https://web.archive.org/web/20240919033321/https://wiienvis.nic.in/Database/cri_8228.aspx
Ka Khloo Thangbru Umsymphu,Meghalaya,,0.196,2014,,https://web.archive.org/web/20240919033321/https://wiienvis.nic.in/Database/cri_8228.aspx
Ka Khloo Pohblai Mooshutia,Meghalaya,,0.335,2014,,https://web.archive.org/web/20240919033321/https://wiienvis.nic.in/Database/cri_8228.aspx
Smaw Der Khli,Meghalaya,,0.00209,2020,,https://web.archive.org/web/20240919033321/https://wiienvis.nic.in/Database/cri_8228.aspx
Ka Khlaw Umthalong,Meghalaya,,0.02401,2020,,https://web.archive.org/web/20240919033321/https://wiienvis.nic.in/Database/cri_8228.aspx
Ka Krem Labit Umkyrpong,Meghalaya,,0.048,2020,,https://web.archive.org/web/20240919033321/https://wiienvis.nic.in/Database/cri_8228.aspx
Ka Khloo Moopyai Wapung Shnong,Meghalaya,,68.462,2021,,https://web.archive.org/web/20250908141706/https://wiienvis.nic.in/Database/cri_8228.aspx
Ka Khloo Khyllem Shrieh Khloo Thangbru,Meghalaya,,4.1,2021,,https://web.archive.org/web/20250908141706/https://wiienvis.nic.in/Database/cri_8228.aspx
Ka Khloo Wah Kwai Moolamylliang,Meghalaya,,,2024,,https://web.archive.org/web/20250908141706/https://wiienvis.nic.in/Database/cri_8228.aspx
Khloo Blai Chyrmang Sein Raij Kongwasan Chyrmang Kmai,Meghalaya,,0.07,2013,,https://web.archive.org/web/20240919033321/https://wiienvis.nic.in/Database/cri_8228.aspx
Ka Khloo Langdoh Kur Pyrtuh,Meghalaya,,0.154,2014,,https://web.archive.org/web/20240919033321/https://wiienvis.nic.in/Database/cri_8228.aspx
Khloo Amrawan,Meghalaya,,1.2875,2015,,https://web.archive.org/web/20240919033321/https://wiienvis.nic.in/Database/cri_8228.aspx
Khloo Blai Ka Raij U Langdoh Ionglang,Meghalaya,,0.1512,2016,,https://web.archive.org/web/20240919033321/https://wiienvis.nic.in/Database/cri_8228.aspx
Ka Lum Luwe,Meghalaya,,0.141,2018,,https://web.archive.org/web/20240919033321/https://wiienvis.nic.in/Database/cri_8228.aspx
Ka Wah Umpatho,Meghalaya,,0.31864,2019,,https://web.archive.org/web/20240919033321/https://wiienvis.nic.in/Database/cri_8228.aspx
Ka Khloo Thangbru Sula Lynter Sein Raij Mynso,Meghalaya,,0.03293,2019,,https://web.archive.org/web/20240919033321/https://wiienvis.nic.in/Database/cri_8228.aspx
Ka Khloo Blai Lyngdoh Sein Raij Mynso,Meghalaya,,0.00852,2019,,https://web.archive.org/web/20240919033321/https://wiienvis.nic.in/Database/cri_8228.aspx
Ka Khloo Blai Langdoh Ka Kur Lyngdoh Raij Raliang,Meghalaya,,3.51,2021,,https://web.archive.org/web/20250908141706/https://wiienvis.nic.in/Database/cri_8228.aspx
Ka Khloo Blai Ryngkaw Ka Sein Raij Khonshnong,Meghalaya,,,2022,,https://web.archive.org/web/20250908141706/https://wiienvis.nic.in/Database/cri_8228.aspx
Krem Iongjiah,Meghalaya,,,2022,,https://web.archive.org/web/20250908141706/https://wiienvis.nic.in/Database/cri_8228.aspx
Mandalgre,Meghalaya,,0.5,2013,,https://web.archive.org/web/20240919033321/https://wiienvis.nic.in/Database/cri_8228.aspx
Daribokgre,Meghalaya,,1.73,2013,,https://web.archive.org/web/20240919033321/https://wiienvis.nic.in/Database/cri_8228.aspx
Aruakgre,Meghalaya,,0.1,2013,,https://web.archive.org/web/20240919033321/https://wiienvis.nic.in/Database/cri_8228.aspx
Dumitdikgre,Meghalaya,,0.7,2013,,https://web.archive.org/web/20240919033321/https://wiienvis.nic.in/Database/cri_8228.aspx
Sakalgre,Meghalaya,,1.22,2013,,https://web.archive.org/web/20240919033321/https://wiienvis.nic.in/Database/cri_8228.aspx
Dura Kalakgre,Meghalaya,,0.6,2013,,https://web.archive.org/web/20240919033321/https://wiienvis.nic.in/Database/cri_8228.aspx
Sasatgre,Meghalaya,,0.6,2013,,https://web.archive.org/web/20240919033321/https://wiienvis.nic.in/Database/cri_8228.aspx
Selbalgre,Meghalaya,,0.2,2013,,https://web.archive.org/web/20240919033321/https://wiienvis.nic.in/Database/cri_8228.aspx
Chandigre,Meghalaya,,0.37,2013,,https://web.archive.org/web/20240919033321/https://wiienvis.nic.in/Database/cri_8228.aspx
Baladingre,Meghalaya,,0.5,2013,,https://web.archive.org/web/20240919033321/https://wiienvis.nic.in/Database/cri_8228.aspx
Mongalgre,Meghalaya,,0.2,2014,,https://web.archive.org/web/20240919033321/https://wiienvis.nic.in/Database/cri_8228.aspx
Chimanpara,Meghalaya,,0.102,2016,,https://web.archive.org/web/20240919033321/https://wiienvis.nic.in/Database/cri_8228.aspx
Thokpara,Meghalaya,,0.3,2016,,https://web.archive.org/web/20240919033321/https://wiienvis.nic.in/Database/cri_8228.aspx
Rongalgre,Meghalaya,,0.165,2016,,https://web.archive.org/web/20240919033321/https://wiienvis.nic.in/Database/cri_8228.aspx
Aruakgre,Meghalaya,,1,2014,,https://web.archive.org/web/20240919033321/https://wiienvis.nic.in/Database/cri_8228.aspx
Resu Haluapara,Meghalaya,,0.5,2014,,https://web.archive.org/web/20240919033321/https://wiienvis.nic.in/Database/cri_8228.aspx
Kitmadamgre,Meghalaya,,0.7,2014,,https://web.archive.org/web/20240919033321/https://wiienvis.nic.in/Database/cri_8228.aspx
Rongma Paromgre,Meghalaya,,0.623,2013,,https://web.archive.org/web/20240919033321/https://wiienvis.nic.in/Database/cri_8228.aspx
Rongma Rekmangre,Meghalaya,,1.924,2013,,https://web.archive.org/web/20240919033321/https://wiienvis.nic.in/Database/cri_8228.aspx
Eman Asakgre,Meghalaya,,0.304,2013,,https://web.archive.org/web/20240919033321/https://wiienvis.nic.in/Database/cri_8228.aspx
Bandarigre,Meghalaya,,0.0067,2013,,https://web.archive.org/web/20240919033321/https://wiienvis.nic.in/Database/cri_8228.aspx
Mikadogre,Meghalaya,,0.0128,2013,,https://web.archive.org/web/20240919033321/https://wiienvis.nic.in/Database/cri_8228.aspx
Dangkipara,Meghalaya,,0.025,2014,,https://web.archive.org/web/20240919033321/https://wiienvis.nic.in/Database/cri_8228.aspx
Balsri Ading,Meghalaya,,0.456,2017,,https://web.archive.org/web/20240919033321/https://wiienvis.nic.in/Database/cri_8228.aspx
Chenggni,Meghalaya,,1.74,2017,,https://web.archive.org/web/20240919033321/https://wiienvis.nic.in/Database/cri_8228.aspx
Chimitap,Meghalaya,,2.28,2017,,https://web.archive.org/web/20240919033321/https://wiienvis.nic.in/Database/cri_8228.aspx
Dallenggittim,Meghalaya,,0.2217,2017,,https://web.archive.org/web/20240919033321/https://wiienvis.nic.in/Database/cri_8228.aspx
Dambuk Attong,Meghalaya,,3.66,2017,,https://web.archive.org/web/20240919033321/https://wiienvis.nic.in/Database/cri_8228.aspx
Dambuk Jongkol,Meghalaya,,2.648,2017,,https://web.archive.org/web/20240919033321/https://wiienvis.nic.in/Database/cri_8228.aspx
Gokagre,Meghalaya,,0.1789,2017,,https://web.archive.org/web/20240919033321/https://wiienvis.nic.in/Database/cri_8228.aspx
Halwa Ambeng,Meghalaya,,0.941,2017,,https://web.archive.org/web/20240919033321/https://wiienvis.nic.in/Database/cri_8228.aspx
Jaksongram,Meghalaya,,0.555,2017,,https://web.archive.org/web/20240919033321/https://wiienvis.nic.in/Database/cri_8228.aspx
Lotnagar,Meghalaya,,0.456,2017,,https://web.archive.org/web/20240919033321/https://wiienvis.nic.in/Database/cri_8228.aspx
Matchirampat,Meghalaya,,0.217,2017,,https://web.archive.org/web/20240919033321/https://wiienvis.nic.in/Database/cri_8228.aspx
Nitwatgre,Meghalaya,,0.495,2017,,https://web.archive.org/web/20240919033321/https://wiienvis.nic.in/Database/cri_8228.aspx
Rewak Daburam,Meghalaya,,0.183,2017,,https://web.archive.org/web/20240919033321/https://wiienvis.nic.in/Database/cri_8228.aspx
Rewak Watregittim,Meghalaya,,0.098,2017,,https://web.archive.org/web/20240919033321/https://wiienvis.nic.in/Database/cri_8228.aspx
Rongcheng,Meghalaya,,2.356,2017,,https://web.archive.org/web/20240919033321/https://wiienvis.nic.in/Database/cri_8228.aspx
Taidang,Meghalaya,,1.214,2017,,https://web.archive.org/web/20240919033321/https://wiienvis.nic.in/Database/cri_8228.aspx
Siju Duramong-I,Meghalaya,,0.768,2017,,https://web.archive.org/web/20240919033321/https://wiienvis.nic.in/Database/cri_8228.aspx
Siju Duramong-II,Meghalaya,,2.51,2017,,https://web.archive.org/web/20240919033321/https://wiienvis.nic.in/Database/cri_8228.aspx
Upper Dosogre,Meghalaya,,0.19691,2017,,https://web.archive.org/web/20240919033321/https://wiienvis.nic.in/Database/cri_8228.aspx
Aritakgre,Meghalaya,,,2021,,https://web.archive.org/web/20250908141706/https://wiienvis.nic.in/Database/cri_8228.aspx
Karukol,Meghalaya,,,2021,,https://web.archive.org/web/20250908141706/https://wiienvis.nic.in/Database/cri_8228.aspx
Teptepa,Meghalaya,,,2021,,https://web.archive.org/web/20250908141706/https://wiienvis.nic.in/Database/cri_8228.aspx
Siju Sonowa,Meghalaya,,,2021,,https://web.archive.org/web/20250908141706/https://wiienvis.nic.in/Database/cri_8228.aspx
Rantangsora,Meghalaya,,,2021,,https://web.archive.org/web/20250908141706/https://wiienvis.nic.in/Database/cri_8228.aspx
Nongsangu,Meghalaya,Ri Bhoi,1,2014,village de Nongsangu,https://web.archive.org/web/20240919033321/https://wiienvis.nic.in/Database/cri_8228.aspx
Raid Nongbri,Meghalaya,Ri Bhoi,0.7,2014,Raid Nongbri (institution coutumière),https://web.archive.org/web/20240919033321/https://wiienvis.nic.in/Database/cri_8228.aspx
Lum Jusong,Meghalaya,Ri Bhoi,1.3046,2016,église locale du village de Nongsangu (bois sacré),https://web.archive.org/web/20240919033321/https://wiienvis.nic.in/Database/cri_8228.aspx
Jirang,Meghalaya,Ri Bhoi,2,2014,Hima Jirang (institution coutumière),https://web.archive.org/web/20240919033321/https://wiienvis.nic.in/Database/cri_8228.aspx
Raid Nonglyngdoh /Pdah Kyndeng,Meghalaya,Ri Bhoi,0.75,2014,Raid Nonglyngdoh (institution coutumière),https://web.archive.org/web/20240919033321/https://wiienvis.nic.in/Database/cri_8228.aspx
Lum Matlang Raid Umket,Meghalaya,,,2023,,https://web.archive.org/web/20250908141706/https://wiienvis.nic.in/Database/cri_8228.aspx
Phudja-Ud,Meghalaya,,1.2,2014,,https://web.archive.org/web/20240919033321/https://wiienvis.nic.in/Database/cri_8228.aspx
Umsum Pitcher Plant,Meghalaya,,0.4,2014,,https://web.archive.org/web/20240919033321/https://wiienvis.nic.in/Database/cri_8228.aspx
Lumkohkriah,Meghalaya,,6.11,2014,,https://web.archive.org/web/20240919033321/https://wiienvis.nic.in/Database/cri_8228.aspx
Lawbah,Meghalaya,,3.1144,2016,,https://web.archive.org/web/20240919033321/https://wiienvis.nic.in/Database/cri_8228.aspx
Ryngibah,Meghalaya,,0.96909,2016,,https://web.archive.org/web/20240919033321/https://wiienvis.nic.in/Database/cri_8228.aspx
Ryngud,Meghalaya,,5.22,2014,,https://web.archive.org/web/20240919033321/https://wiienvis.nic.in/Database/cri_8228.aspx
Thangkharang,Meghalaya,,1.11,2014,,https://web.archive.org/web/20240919033321/https://wiienvis.nic.in/Database/cri_8228.aspx
Ka Law Lyngdoh,Meghalaya,,3.481,2020,,https://web.archive.org/web/20250908141706/https://wiienvis.nic.in/Database/cri_8228.aspx
Kpoh Eijah,Meghalaya,,0.17,2014,,https://web.archive.org/web/20240919033321/https://wiienvis.nic.in/Database/cri_8228.aspx
Miewsyiar,Meghalaya,,0.87,2014,,https://web.archive.org/web/20240919033321/https://wiienvis.nic.in/Database/cri_8228.aspx
Ryntong Clan and Combined,Meghalaya,,,2023,,https://web.archive.org/web/20250908141706/https://wiienvis.nic.in/Database/cri_8228.aspx
Lyngdoh Mawnai,Meghalaya,,,2023,,https://web.archive.org/web/20250908141706/https://wiienvis.nic.in/Database/cri_8228.aspx
Bonchu,Nagaland,,9.05,2009,,https://web.archive.org/web/20250908141706/https://wiienvis.nic.in/Database/cri_8228.aspx
Scaly-Mopungchuket,Nagaland,,15,2009,,https://web.archive.org/web/20250908141706/https://wiienvis.nic.in/Database/cri_8228.aspx
Khrokhropfu – Lephori,Nagaland,,6.15,2009,,https://web.archive.org/web/20250908141706/https://wiienvis.nic.in/Database/cri_8228.aspx
Kigwema,Nagaland,,2.65,2015,,https://web.archive.org/web/20250908141706/https://wiienvis.nic.in/Database/cri_8228.aspx
"D. Khel, Kohima Village",Nagaland,,3,2015,,https://web.archive.org/web/20250908141706/https://wiienvis.nic.in/Database/cri_8228.aspx
Mezoma,Nagaland,,2.85,2015,,https://web.archive.org/web/20250908141706/https://wiienvis.nic.in/Database/cri_8228.aspx
Dihoma,Nagaland,,2,2015,,https://web.archive.org/web/20250908141706/https://wiienvis.nic.in/Database/cri_8228.aspx
Chishilimi,Nagaland,,3.5,2015,,https://web.archive.org/web/20250908141706/https://wiienvis.nic.in/Database/cri_8228.aspx
Khekiye,Nagaland,,2.5,2015,,https://web.archive.org/web/20250908141706/https://wiienvis.nic.in/Database/cri_8228.aspx
Lizuto,Nagaland,,2.5,2015,,https://web.archive.org/web/20250908141706/https://wiienvis.nic.in/Database/cri_8228.aspx
Atoizu,Nagaland,,4,2015,,https://web.archive.org/web/20250908141706/https://wiienvis.nic.in/Database/cri_8228.aspx
Tsuruhu,Nagaland,,2.7,2015,,https://web.archive.org/web/20250908141706/https://wiienvis.nic.in/Database/cri_8228.aspx
Tsekhwelu,Nagaland,,18,2015,,https://web.archive.org/web/20250908141706/https://wiienvis.nic.in/Database/cri_8228.aspx
Luzaphuhu,Nagaland,,14,2015,,https://web.archive.org/web/20250908141706/https://wiienvis.nic.in/Database/cri_8228.aspx
Kikruma,Nagaland,,1.1,2015,,https://web.archive.org/web/20250908141706/https://wiienvis.nic.in/Database/cri_8228.aspx
Chemekong,Nagaland,,29.175,2015,,https://web.archive.org/web/20250908141706/https://wiienvis.nic.in/Database/cri_8228.aspx
Morakjo,Nagaland,,6.5,2015,,https://web.archive.org/web/20250908141706/https://wiienvis.nic.in/Database/cri_8228.aspx
Tsiepama,Nagaland,,3.325,2015,,https://web.archive.org/web/20250908141706/https://wiienvis.nic.in/Database/cri_8228.aspx
Viswema,Nagaland,,2.65,2018,,https://web.archive.org/web/20250908141706/https://wiienvis.nic.in/Database/cri_8228.aspx
Kidema,Nagaland,,2.65,2018,,https://web.archive.org/web/20250908141706/https://wiienvis.nic.in/Database/cri_8228.aspx
Kezoma,Nagaland,,2.65,2018,,https://web.archive.org/web/20250908141706/https://wiienvis.nic.in/Database/cri_8228.aspx
Nerhema Perazatsa,Nagaland,,20,2018,,https://web.archive.org/web/20250908141706/https://wiienvis.nic.in/Database/cri_8228.aspx
Nerhema Yaoke,Nagaland,,20,2018,,https://web.archive.org/web/20250908141706/https://wiienvis.nic.in/Database/cri_8228.aspx
Wakchin Chingla,Nagaland,,30,2018,,https://web.archive.org/web/20250908141706/https://wiienvis.nic.in/Database/cri_8228.aspx
Mpai Namci,Nagaland,,20,2018,,https://web.archive.org/web/20250908141706/https://wiienvis.nic.in/Database/cri_8228.aspx
Benreu,Nagaland,,30,2018,,https://web.archive.org/web/20250908141706/https://wiienvis.nic.in/Database/cri_8228.aspx
Sitap,Nagaland,,1.5,2018,,https://web.archive.org/web/20250908141706/https://wiienvis.nic.in/Database/cri_8228.aspx
Tuophema Village,Nagaland,,2.5,2018,,https://web.archive.org/web/20250908141706/https://wiienvis.nic.in/Database/cri_8228.aspx
Khonoma,Nagaland,,2.65,2018,,https://web.archive.org/web/20250908141706/https://wiienvis.nic.in/Database/cri_8228.aspx
Jotsoma,Nagaland,,5,2018,,https://web.archive.org/web/20250908141706/https://wiienvis.nic.in/Database/cri_8228.aspx
Khwuma Khel Jotsoma,Nagaland,,3,2018,,https://web.archive.org/web/20250908141706/https://wiienvis.nic.in/Database/cri_8228.aspx
Gariphema,Nagaland,,2.65,2018,,https://web.archive.org/web/20250908141706/https://wiienvis.nic.in/Database/cri_8228.aspx
Sakhabama,Nagaland,,2.5,2018,,https://web.archive.org/web/20250908141706/https://wiienvis.nic.in/Database/cri_8228.aspx
Nian,Nagaland,,2,2018,,https://web.archive.org/web/20250908141706/https://wiienvis.nic.in/Database/cri_8228.aspx
Tamlu,Nagaland,,2,2018,,https://web.archive.org/web/20250908141706/https://wiienvis.nic.in/Database/cri_8228.aspx
Yongshei,Nagaland,,1.5,2018,,https://web.archive.org/web/20250908141706/https://wiienvis.nic.in/Database/cri_8228.aspx
Yaongyimchen,Nagaland,,8,2018,,https://web.archive.org/web/20250908141706/https://wiienvis.nic.in/Database/cri_8228.aspx
Hukphang,Nagaland,,3,2018,,https://web.archive.org/web/20250908141706/https://wiienvis.nic.in/Database/cri_8228.aspx
Yonyu,Nagaland,,4.8,2018,,https://web.archive.org/web/20250908141706/https://wiienvis.nic.in/Database/cri_8228.aspx
Kiyelho,Nagaland,,3,2018,,https://web.archive.org/web/20250908141706/https://wiienvis.nic.in/Database/cri_8228.aspx
Yangpi,Nagaland,,3.0007,2018,,https://web.archive.org/web/20250908141706/https://wiienvis.nic.in/Database/cri_8228.aspx
Rangkang,Nagaland,,5.15,2018,,https://web.archive.org/web/20250908141706/https://wiienvis.nic.in/Database/cri_8228.aspx
Yali,Nagaland,,14,2018,,https://web.archive.org/web/20250908141706/https://wiienvis.nic.in/Database/cri_8228.aspx
Piphema “B”,Nagaland,,2.8,2018,,https://web.archive.org/web/20250908141706/https://wiienvis.nic.in/Database/cri_8228.aspx
Lotovi,Nagaland,,1,2018,,https://web.archive.org/web/20250908141706/https://wiienvis.nic.in/Database/cri_8228.aspx
Piphema “A”,Nagaland,,1,2018,,https://web.archive.org/web/20250908141706/https://wiienvis.nic.in/Database/cri_8228.aspx
Kanjang,Nagaland,,1,2018,,https://web.archive.org/web/20250908141706/https://wiienvis.nic.in/Database/cri_8228.aspx
Khutur,Nagaland,,4.89,2018,,https://web.archive.org/web/20250908141706/https://wiienvis.nic.in/Database/cri_8228.aspx
Sangdak,Nagaland,,5.09,2018,,https://web.archive.org/web/20250908141706/https://wiienvis.nic.in/Database/cri_8228.aspx
Noksen,Nagaland,,1,2018,,https://web.archive.org/web/20250908141706/https://wiienvis.nic.in/Database/cri_8228.aspx
Longra,Nagaland,,2.275,2018,,https://web.archive.org/web/20250908141706/https://wiienvis.nic.in/Database/cri_8228.aspx
Litem,Nagaland,,1.6,2018,,https://web.archive.org/web/20250908141706/https://wiienvis.nic.in/Database/cri_8228.aspx
Longtang,Nagaland,,5.8,2018,,https://web.archive.org/web/20250908141706/https://wiienvis.nic.in/Database/cri_8228.aspx
Khudei,Nagaland,,4.8,2018,,https://web.archive.org/web/20250908141706/https://wiienvis.nic.in/Database/cri_8228.aspx
Bhumbak,Nagaland,,6.5,2018,,https://web.archive.org/web/20250908141706/https://wiienvis.nic.in/Database/cri_8228.aspx
Khrieyalienuomaiko,Nagaland,,2.65,2018,,https://web.archive.org/web/20250908141706/https://wiienvis.nic.in/Database/cri_8228.aspx
Kilo Old,Nagaland,,2,2018,,https://web.archive.org/web/20250908141706/https://wiienvis.nic.in/Database/cri_8228.aspx
Tokugha,Nagaland,,1.85,2019,,https://web.archive.org/web/20250908141706/https://wiienvis.nic.in/Database/cri_8228.aspx
Ghotovi,Nagaland,,1.8,2019,,https://web.archive.org/web/20250908141706/https://wiienvis.nic.in/Database/cri_8228.aspx
Sele Aoyang Khanshu,Nagaland,,4.9,2019,Tuensang P. Khel,https://web.archive.org/web/20250908141706/https://wiienvis.nic.in/Database/cri_8228.aspx
Hakchang,Nagaland,,9.32,2019,,https://web.archive.org/web/20250908141706/https://wiienvis.nic.in/Database/cri_8228.aspx
Waromung,Nagaland,,3,2019,,https://web.archive.org/web/20250908141706/https://wiienvis.nic.in/Database/cri_8228.aspx
Akumen,Nagaland,,3.96,2019,,https://web.archive.org/web/20250908141706/https://wiienvis.nic.in/Database/cri_8228.aspx
Viyixe,Nagaland,,2.65,2019,,https://web.archive.org/web/20250908141706/https://wiienvis.nic.in/Database/cri_8228.aspx
Hekheshe,Nagaland,,1.85,2019,,https://web.archive.org/web/20250908141706/https://wiienvis.nic.in/Database/cri_8228.aspx
Pukhato,Nagaland,,1.4,2019,,https://web.archive.org/web/20250908141706/https://wiienvis.nic.in/Database/cri_8228.aspx
Yehemi,Nagaland,,7.49,2019,,https://web.archive.org/web/20250908141706/https://wiienvis.nic.in/Database/cri_8228.aspx
Kekhazong,Nagaland,,4.5,2019,Hurong,https://web.archive.org/web/20250908141706/https://wiienvis.nic.in/Database/cri_8228.aspx
Tutheze,Nagaland,,1.62,2019,,https://web.archive.org/web/20250908141706/https://wiienvis.nic.in/Database/cri_8228.aspx
Uza Zuzong,Nagaland,,1.87,2019,Langkok,https://web.archive.org/web/20250908141706/https://wiienvis.nic.in/Database/cri_8228.aspx
Longtoker,Nagaland,,30,2019,,https://web.archive.org/web/20250908141706/https://wiienvis.nic.in/Database/cri_8228.aspx
Liangmain,Nagaland,,25,2019,Wui,https://web.archive.org/web/20250908141706/https://wiienvis.nic.in/Database/cri_8228.aspx
Jingru Luyong,Nagaland,,15,2019,Alisopur,https://web.archive.org/web/20250908141706/https://wiienvis.nic.in/Database/cri_8228.aspx
Aokangching,Nagaland,,3.5,2019,Pangsha Old,https://web.archive.org/web/20250908141706/https://wiienvis.nic.in/Database/cri_8228.aspx
Tutim,Nagaland,,10,2019,Kengjong,https://web.archive.org/web/20250908141706/https://wiienvis.nic.in/Database/cri_8228.aspx
Ena Leu,Nagaland,,20.1,2019,Kingniu,https://web.archive.org/web/20250908141706/https://wiienvis.nic.in/Database/cri_8228.aspx
Sekai,Nagaland,,18,2019,Konya,https://web.archive.org/web/20250908141706/https://wiienvis.nic.in/Database/cri_8228.aspx
Thamushui,Nagaland,,15,2019,Chingmei,https://web.archive.org/web/20250908141706/https://wiienvis.nic.in/Database/cri_8228.aspx
Tsecu,Nagaland,,5,2019,Piphewa Old,https://web.archive.org/web/20250908141706/https://wiienvis.nic.in/Database/cri_8228.aspx
Old Jalukie,Nagaland,,3.7,2019,,https://web.archive.org/web/20250908141706/https://wiienvis.nic.in/Database/cri_8228.aspx
Ethungo Tongti Project,Nagaland,,23,2019,Vikhum,https://web.archive.org/web/20250908141706/https://wiienvis.nic.in/Database/cri_8228.aspx
Deukwaram,Nagaland,,11.2,2019,,https://web.archive.org/web/20250908141706/https://wiienvis.nic.in/Database/cri_8228.aspx
Chingmelen,Nagaland,,10,2019,,https://web.archive.org/web/20250908141706/https://wiienvis.nic.in/Database/cri_8228.aspx
Lotsu,Nagaland,,10,2019,,https://web.archive.org/web/20250908141706/https://wiienvis.nic.in/Database/cri_8228.aspx
Teyozwu Saku,Nagaland,,5,2019,P. Khel of Viswema,https://web.archive.org/web/20250908141706/https://wiienvis.nic.in/Database/cri_8228.aspx
Zhanuolie,Nagaland,,0.51,2019,Chichewa,https://web.archive.org/web/20250908141706/https://wiienvis.nic.in/Database/cri_8228.aspx
Molungkimong,Nagaland,,10,2019,,https://web.archive.org/web/20250908141706/https://wiienvis.nic.in/Database/cri_8228.aspx
Namen Min,Nagaland,,16,2019,Khar,https://web.archive.org/web/20250908141706/https://wiienvis.nic.in/Database/cri_8228.aspx
Zurutongtchu Project Land Owner,Nagaland,,10,2019,,https://web.archive.org/web/20250908141706/https://wiienvis.nic.in/Database/cri_8228.aspx
Shitsuasulu,Nagaland,,10,2019,Akhoya,https://web.archive.org/web/20250908141706/https://wiienvis.nic.in/Database/cri_8228.aspx
Naltoqa,Nagaland,,5.25,2019,Yezami,https://web.archive.org/web/20250908141706/https://wiienvis.nic.in/Database/cri_8228.aspx
Hovishe Arkha,Nagaland,,5.1,2019,Yezami,https://web.archive.org/web/20250908141706/https://wiienvis.nic.in/Database/cri_8228.aspx
Aimekhi,Nagaland,,2.05,2019,Japu,https://web.archive.org/web/20250908141706/https://wiienvis.nic.in/Database/cri_8228.aspx
Mangmetong,Nagaland,,3,2019,,https://web.archive.org/web/20250908141706/https://wiienvis.nic.in/Database/cri_8228.aspx
Beisumpuiram,Nagaland,,40,2019,,https://web.archive.org/web/20250908141706/https://wiienvis.nic.in/Database/cri_8228.aspx
Kiding,Nagaland,,1.75,2019,,https://web.archive.org/web/20250908141706/https://wiienvis.nic.in/Database/cri_8228.aspx
Old Beisumpu,Nagaland,,35,2019,,https://web.archive.org/web/20250908141706/https://wiienvis.nic.in/Database/cri_8228.aspx
Khuzama,Nagaland,,8,2019,,https://web.archive.org/web/20250908141706/https://wiienvis.nic.in/Database/cri_8228.aspx
Shiponger,Nagaland,,50,2019,,https://web.archive.org/web/20250908141706/https://wiienvis.nic.in/Database/cri_8228.aspx
Kuzatu,Nagaland,,2.65,2019,,https://web.archive.org/web/20250908141706/https://wiienvis.nic.in/Database/cri_8228.aspx
Akhen,Nagaland,,2.65,2019,,https://web.archive.org/web/20250908141706/https://wiienvis.nic.in/Database/cri_8228.aspx
Akhegwo,Nagaland,,2.65,2019,,https://web.archive.org/web/20250908141706/https://wiienvis.nic.in/Database/cri_8228.aspx
Shatuza,Nagaland,,2.65,2019,,https://web.archive.org/web/20250908141706/https://wiienvis.nic.in/Database/cri_8228.aspx
Weziho,Nagaland,,2.65,2019,,https://web.archive.org/web/20250908141706/https://wiienvis.nic.in/Database/cri_8228.aspx
Taknyu,Nagaland,,5,2019,,https://web.archive.org/web/20250908141706/https://wiienvis.nic.in/Database/cri_8228.aspx
Tuophe Phezou (Peraziekou),Nagaland,,6,2020,Perraziekou,https://web.archive.org/web/20250908141706/https://wiienvis.nic.in/Database/cri_8228.aspx
Changpang,Nagaland,,5,2020,,https://web.archive.org/web/20250908141706/https://wiienvis.nic.in/Database/cri_8228.aspx
Asukhomi,Nagaland,,2.4,2020,,https://web.archive.org/web/20250908141706/https://wiienvis.nic.in/Database/cri_8228.aspx
Lumithsami,Nagaland,,3.51,2020,,https://web.archive.org/web/20250908141706/https://wiienvis.nic.in/Database/cri_8228.aspx
Kiyekhu,Nagaland,,1.77,2020,,https://web.archive.org/web/20250908141706/https://wiienvis.nic.in/Database/cri_8228.aspx
Luthsumi,Nagaland,,2.77,2020,,https://web.archive.org/web/20250908141706/https://wiienvis.nic.in/Database/cri_8228.aspx
L. Yanthung,Nagaland,,1.2,2020,,https://web.archive.org/web/20250908141706/https://wiienvis.nic.in/Database/cri_8228.aspx
Pyotchu,Nagaland,,2.8,2020,,https://web.archive.org/web/20250908141706/https://wiienvis.nic.in/Database/cri_8228.aspx
Lumami,Nagaland,,7.6,2020,,https://web.archive.org/web/20250908141706/https://wiienvis.nic.in/Database/cri_8228.aspx
Ruchan,Nagaland,,1.5,2020,,https://web.archive.org/web/20250908141706/https://wiienvis.nic.in/Database/cri_8228.aspx
Tsuremmen,Nagaland,,5,2020,,https://web.archive.org/web/20250908141706/https://wiienvis.nic.in/Database/cri_8228.aspx
New Chandalashung,Nagaland,,1.5,2020,,https://web.archive.org/web/20250908141706/https://wiienvis.nic.in/Database/cri_8228.aspx
Okotso,Nagaland,,2.4,2020,,https://web.archive.org/web/20250908141706/https://wiienvis.nic.in/Database/cri_8228.aspx
Chisholimi,Nagaland,,2.26,2021,,https://web.archive.org/web/20250908141706/https://wiienvis.nic.in/Database/cri_8228.aspx
Longsachung,Nagaland,,1.36,2021,,https://web.archive.org/web/20250908141706/https://wiienvis.nic.in/Database/cri_8228.aspx
Niroyo,Nagaland,,1.15,2021,,https://web.archive.org/web/20250908141706/https://wiienvis.nic.in/Database/cri_8228.aspx
Lakhuti,Nagaland,,2.4,2021,,https://web.archive.org/web/20250908141706/https://wiienvis.nic.in/Database/cri_8228.aspx
Nzau Namsan,Nagaland,,1.58,2021,,https://web.archive.org/web/20250908141706/https://wiienvis.nic.in/Database/cri_8228.aspx
Nzauna,Nagaland,,2.42,2021,,https://web.archive.org/web/20250908141706/https://wiienvis.nic.in/Database/cri_8228.aspx
New Riphyim,Nagaland,,1.5,2021,,https://web.archive.org/web/20250908141706/https://wiienvis.nic.in/Database/cri_8228.aspx
Old Riphyim,Nagaland,,1.5,2021,,https://web.archive.org/web/20250908141706/https://wiienvis.nic.in/Database/cri_8228.aspx
Alaphumi (Sheinaqha),Nagaland,,2.5,2021,,https://web.archive.org/web/20250908141706/https://wiienvis.nic.in/Database/cri_8228.aspx
Aokeang,Nagaland,,2.97,2022,,https://web.archive.org/web/20250908141706/https://wiienvis.nic.in/Database/cri_8228.aspx
Kangshou,Nagaland,,2.75,2022,,https://web.archive.org/web/20250908141706/https://wiienvis.nic.in/Database/cri_8228.aspx
Lampong Wakching,Nagaland,,1.57,2022,,https://web.archive.org/web/20250908141706/https://wiienvis.nic.in/Database/cri_8228.aspx
Aghukhiji-Sheluqhe Project of Pulumonuli,Nagaland,,3,2023,,https://web.archive.org/web/20250908141706/https://wiienvis.nic.in/Database/cri_8228.aspx
Teuki,Nagaland,,9.308,2023,,https://web.archive.org/web/20250908141706/https://wiienvis.nic.in/Database/cri_8228.aspx
Chungtia,Nagaland,,2,2023,,https://web.archive.org/web/20250908141706/https://wiienvis.nic.in/Database/cri_8228.aspx
Ndunglwa,Nagaland,,10,2023,,https://web.archive.org/web/20250908141706/https://wiienvis.nic.in/Database/cri_8228.aspx
Mbauwla,Nagaland,,1.66,2023,,https://web.archive.org/web/20250908141706/https://wiienvis.nic.in/Database/cri_8228.aspx
Sagazu,Nagaland,,4.7,2023,,https://web.archive.org/web/20250908141706/https://wiienvis.nic.in/Database/cri_8228.aspx
Kami,Nagaland,,3.41,2023,,https://web.archive.org/web/20250908141706/https://wiienvis.nic.in/Database/cri_8228.aspx
New Pangsha,Nagaland,,5.21,2023,,https://web.archive.org/web/20250908141706/https://wiienvis.nic.in/Database/cri_8228.aspx
Obay,Nagaland,,2.5,2023,,https://web.archive.org/web/20250908141706/https://wiienvis.nic.in/Database/cri_8228.aspx
Longleng,Nagaland,,1.64,2023,,https://web.archive.org/web/20250908141706/https://wiienvis.nic.in/Database/cri_8228.aspx
Humji,Nagaland,,1.9,2023,,https://web.archive.org/web/20250908141706/https://wiienvis.nic.in/Database/cri_8228.aspx
Chuchuyimlang,Nagaland,,2,2023,,https://web.archive.org/web/20250908141706/https://wiienvis.nic.in/Database/cri_8228.aspx
Chuchuyimpang,Nagaland,,1.1,2023,,https://web.archive.org/web/20250908141706/https://wiienvis.nic.in/Database/cri_8228.aspx
Longtsung,Nagaland,,1,2023,,https://web.archive.org/web/20250908141706/https://wiienvis.nic.in/Database/cri_8228.aspx
Jesulaun,Nagaland,,1.49,2023,,https://web.archive.org/web/20250908141706/https://wiienvis.nic.in/Database/cri_8228.aspx
Thurubophe,Nagaland,,10.8,2023,,https://web.archive.org/web/20250908141706/https://wiienvis.nic.in/Database/cri_8228.aspx
Nabo Tshaphri Forest,Nagaland,,18.9,2023,,https://web.archive.org/web/20250908141706/https://wiienvis.nic.in/Database/cri_8228.aspx
Mongkhen,Nagaland,,2.04,2023,,https://web.archive.org/web/20250908141706/https://wiienvis.nic.in/Database/cri_8228.aspx
Makshang,Nagaland,,1.95,2023,,https://web.archive.org/web/20250908141706/https://wiienvis.nic.in/Database/cri_8228.aspx
Chibgphoi,Nagaland,,2.55,2023,,https://web.archive.org/web/20250908141706/https://wiienvis.nic.in/Database/cri_8228.aspx
Shiyong,Nagaland,,1.25,2023,,https://web.archive.org/web/20250908141706/https://wiienvis.nic.in/Database/cri_8228.aspx
Sokom,Nagaland,,2.65,2023,,https://web.archive.org/web/20250908141706/https://wiienvis.nic.in/Database/cri_8228.aspx
Ketsabo,Nagaland,,4.38,2023,,https://web.archive.org/web/20250908141706/https://wiienvis.nic.in/Database/cri_8228.aspx
Kopliu,Nagaland,,2.76,2023,,https://web.archive.org/web/20250908141706/https://wiienvis.nic.in/Database/cri_8228.aspx
Wozhie,Nagaland,,3.01,2023,,https://web.archive.org/web/20250908141706/https://wiienvis.nic.in/Database/cri_8228.aspx
Okhe,Nagaland,,1.22,2023,,https://web.archive.org/web/20250908141706/https://wiienvis.nic.in/Database/cri_8228.aspx
Wokede,Nagaland,,2.2,2023,,https://web.archive.org/web/20250908141706/https://wiienvis.nic.in/Database/cri_8228.aspx
Mesulumi,Nagaland,,2.45,2023,,https://web.archive.org/web/20250908141706/https://wiienvis.nic.in/Database/cri_8228.aspx
Chizami,Nagaland,,2.76,2023,,https://web.archive.org/web/20250908141706/https://wiienvis.nic.in/Database/cri_8228.aspx
Nacevala Bio Diversity Project,Nagaland,,1.51,2024,,https://web.archive.org/web/20250908141706/https://wiienvis.nic.in/Database/cri_8228.aspx
Kanglatu,Nagaland,,3.83,2024,,https://web.archive.org/web/20250908141706/https://wiienvis.nic.in/Database/cri_8228.aspx
AKM Reserve Forests,Nagaland,,1.5,2024,,https://web.archive.org/web/20250908141706/https://wiienvis.nic.in/Database/cri_8228.aspx
Lower Tiru,Nagaland,,1.96,2024,,https://web.archive.org/web/20250908141706/https://wiienvis.nic.in/Database/cri_8228.aspx
Upper Tiru,Nagaland,,2.68,2024,,https://web.archive.org/web/20250908141706/https://wiienvis.nic.in/Database/cri_8228.aspx
Rotomi,Nagaland,,1.93,2024,,https://web.archive.org/web/20250908141706/https://wiienvis.nic.in/Database/cri_8228.aspx
Aghautito Village,Nagaland,,1.74,2024,,https://web.archive.org/web/20250908141706/https://wiienvis.nic.in/Database/cri_8228.aspx
Philimi Village,Nagaland,,1.7,2024,,https://web.archive.org/web/20250908141706/https://wiienvis.nic.in/Database/cri_8228.aspx
Amboto New Village,Nagaland,,1.2,2024,,https://web.archive.org/web/20250908141706/https://wiienvis.nic.in/Database/cri_8228.aspx
Khrimtomi Village,Nagaland,,1.56,2024,,https://web.archive.org/web/20250908141706/https://wiienvis.nic.in/Database/cri_8228.aspx
"SVMC ,",Nagaland,,1.13,2024,,https://web.archive.org/web/20250908141706/https://wiienvis.nic.in/Database/cri_8228.aspx
Jaboka Village,Nagaland,,2.99,2024,,https://web.archive.org/web/20250908141706/https://wiienvis.nic.in/Database/cri_8228.aspx
Lemphang Tiru,Nagaland,,2.3,2024,,https://web.archive.org/web/20250908141706/https://wiienvis.nic.in/Database/cri_8228.aspx
Sheanghah Tangten,Nagaland,,2,2024,,https://web.archive.org/web/20250908141706/https://wiienvis.nic.in/Database/cri_8228.aspx
Nyasa Village,Nagaland,,4.66,2024,,https://web.archive.org/web/20250908141706/https://wiienvis.nic.in/Database/cri_8228.aspx
Longwa Village,Nagaland,,3.11,2024,,https://web.archive.org/web/20250908141706/https://wiienvis.nic.in/Database/cri_8228.aspx
Nyahnyu Village,Nagaland,,3.46,2024,,https://web.archive.org/web/20250908141706/https://wiienvis.nic.in/Database/cri_8228.aspx
Kamlam,Nagaland,,2.15,2024,,https://web.archive.org/web/20250908141706/https://wiienvis.nic.in/Database/cri_8228.aspx
Longphaoh,Nagaland,,1.24,2024,,https://web.archive.org/web/20250908141706/https://wiienvis.nic.in/Database/cri_8228.aspx
L.Tekun,Nagaland,,5.81,2024,,https://web.archive.org/web/20250908141706/https://wiienvis.nic.in/Database/cri_8228.aspx
Changlangshu Changsa,Nagaland,,1.1,2024,,https://web.archive.org/web/20250908141706/https://wiienvis.nic.in/Database/cri_8228.aspx
Xukhepu Village,Nagaland,,2.3,2024,,https://web.archive.org/web/20250908141706/https://wiienvis.nic.in/Database/cri_8228.aspx
Merankong Village,Nagaland,,4.17,2024,,https://web.archive.org/web/20250908141706/https://wiienvis.nic.in/Database/cri_8228.aspx
Angphang Village,Nagaland,,2.31,2024,,https://web.archive.org/web/20250908141706/https://wiienvis.nic.in/Database/cri_8228.aspx
Kiutsukiur Village,Nagaland,,1.23,2024,,https://web.archive.org/web/20250908141706/https://wiienvis.nic.in/Database/cri_8228.aspx
Ikiye Village,Nagaland,,1.64,2024,,https://web.archive.org/web/20250908141706/https://wiienvis.nic.in/Database/cri_8228.aspx
Itovi Village,Nagaland,,1.6,2024,,https://web.archive.org/web/20250908141706/https://wiienvis.nic.in/Database/cri_8228.aspx
Achikuchu ‘A’ Village,Nagaland,,1.74,2024,,https://web.archive.org/web/20250908141706/https://wiienvis.nic.in/Database/cri_8228.aspx
Haripura Panniwala Mahla Gumjal and Diwankhera,Punjab,,67.444,2015,,https://web.archive.org/web/20250908141706/https://wiienvis.nic.in/Database/cri_8228.aspx
Keshopur Chhamb,Punjab,Gurdaspur,3.4,2007,cinq villages propriétaires (Keshopur-Miani),https://web.archive.org/web/20250908141706/https://wiienvis.nic.in/Database/cri_8228.aspx
Lalwan,Punjab,,12.668,2007,,https://web.archive.org/web/20250908141706/https://wiienvis.nic.in/Database/cri_8228.aspx
Siswan,Punjab,,12.9477,2017,,https://web.archive.org/web/20250908141706/https://wiienvis.nic.in/Database/cri_8228.aspx
Dorbar Shnong Mawpen,Meghalaya,East Khasi Hills,,2024,Dorbar Shnong Mawpen (assemblée de village),https://highlandpost.com/govt-notifies-2-community-reserves/
Ka Lum Thangbru Khloo Kynrien,Meghalaya,West Jaintia Hills,,2024,Sein Raij Khloo Kynrien,https://highlandpost.com/govt-notifies-2-community-reserves/
Chaudhariwali,Haryana,Hisar,,2025,"panchayat de Chaudhariwali (terre de panchayat, environ 150 acres)",https://www.tribuneindia.com/news/haryana/hisar-gets-first-community-reserve-for-protection-of-wildlife-ecology
